Source Current = 1e-05A, Gate Voltage = -0.2V, Measurement Time = 2000s, Measurement interval = 1s 
Time [s],Source Voltage [V],Gate Current [A],Gate Voltage [V]
0,0.0392079,-2.94697e-05,-0.2
1,0.0382853,-6.34313e-06,-0.2
2,0.0381732,-4.08888e-06,-0.2
3,0.0380707,-3.06249e-06,-0.2
4,0.0379992,-2.42591e-06,-0.2
5,0.037961,-2.07782e-06,-0.2
6,0.0379062,-1.71542e-06,-0.2
7,0.0379062,-1.42217e-06,-0.2
8,0.0378847,-1.30653e-06,-0.2
9,0.0378513,-1.10388e-06,-0.2
10,0.0378418,-1.03354e-06,-0.2
11,0.0378156,-9.88245e-07,-0.2
12,0.0377679,-9.01222e-07,-0.2
13,0.037756,-8.58307e-07,-0.2
14,0.037775,-8.40425e-07,-0.2
15,0.0377345,-7.54595e-07,-0.2
16,0.0377297,-7.14064e-07,-0.2
17,0.0377297,-7.22408e-07,-0.2
18,0.0377107,-6.93798e-07,-0.2
19,0.0377059,-6.54459e-07,-0.2
20,0.037725,-6.35386e-07,-0.2
21,0.0377107,-6.03199e-07,-0.2
22,0.0377035,-6.17504e-07,-0.2
23,0.0376868,-6.24657e-07,-0.2
24,0.037694,-6.8903e-07,-0.2
25,0.0376606,-6.31809e-07,-0.2
26,0.0376558,-6.23465e-07,-0.2
27,0.0376701,-6.30617e-07,-0.2
28,0.0376511,-5.8651e-07,-0.2
29,0.0376391,-5.55515e-07,-0.2
30,0.0376153,-5.31673e-07,-0.2
31,0.0376129,-5.50747e-07,-0.2
32,0.037632,-4.58956e-07,-0.2
33,0.0376296,-4.88758e-07,-0.2
34,0.0376153,-5.40018e-07,-0.2
35,0.0375962,-4.73261e-07,-0.2
36,0.0375986,-5.09024e-07,-0.2
37,0.037601,-5.3525e-07,-0.2
38,0.0375772,-4.80413e-07,-0.2
39,0.0375772,-4.45843e-07,-0.2
40,0.0375605,-4.3869e-07,-0.2
41,0.0375557,-4.01735e-07,-0.2
42,0.0375724,-3.51667e-07,-0.2
43,0.0375438,-4.3273e-07,-0.2
44,0.0375414,-3.94583e-07,-0.2
45,0.0375342,-4.12464e-07,-0.2
46,0.0375223,-3.43323e-07,-0.2
47,0.0375104,-3.57628e-07,-0.2
48,0.0375032,-3.77893e-07,-0.2
49,0.0374842,-3.32594e-07,-0.2
50,0.0374889,-3.68357e-07,-0.2
51,0.037508,-3.89814e-07,-0.2
52,0.0374961,-3.29018e-07,-0.2
53,0.037477,-3.83854e-07,-0.2
54,0.037477,-3.91006e-07,-0.2
55,0.0374532,-3.48091e-07,-0.2
56,0.0374532,-3.45707e-07,-0.2
57,0.0374413,-3.51667e-07,-0.2
58,0.0374413,-3.44515e-07,-0.2
59,0.0374436,-3.06368e-07,-0.2
60,0.0374341,-2.82526e-07,-0.2
61,0.0374436,-2.92063e-07,-0.2
62,0.0374198,-2.53916e-07,-0.2
63,0.0374246,-2.18153e-07,-0.2
64,0.0374269,-2.76566e-07,-0.2
65,0.0374269,-2.75373e-07,-0.2
66,0.0374269,-3.26633e-07,-0.2
67,0.0374174,-2.92063e-07,-0.2
68,0.0373793,-2.19345e-07,-0.2
69,0.0373864,-2.37226e-07,-0.2
70,0.0373912,-2.53916e-07,-0.2
71,0.0373983,-2.61068e-07,-0.2
72,0.0373888,-3.48091e-07,-0.2
73,0.0373816,-2.55108e-07,-0.2
74,0.0373816,-2.28882e-07,-0.2
75,0.0373602,-2.64645e-07,-0.2
76,0.0373602,-3.09944e-07,-0.2
77,0.0373697,-2.49147e-07,-0.2
78,0.0373387,-2.83718e-07,-0.2
79,0.0373507,-2.67029e-07,-0.2
80,0.0373435,-2.64645e-07,-0.2
81,0.0373459,-2.18153e-07,-0.2
82,0.0373435,-2.43187e-07,-0.2
83,0.0373435,-2.34842e-07,-0.2
84,0.0373292,-2.86102e-07,-0.2
85,0.0373411,-2.43187e-07,-0.2
86,0.0373244,-2.41995e-07,-0.2
87,0.0373125,-2.57492e-07,-0.2
88,0.037303,-2.53916e-07,-0.2
89,0.0372887,-2.40803e-07,-0.2
90,0.0373006,-2.67029e-07,-0.2
91,0.037303,-2.92063e-07,-0.2
92,0.0373101,-2.63453e-07,-0.2
93,0.0372958,-2.52724e-07,-0.2
94,0.037291,-3.29018e-07,-0.2
95,0.0373101,-3.40939e-07,-0.2
96,0.0372934,-2.95639e-07,-0.2
97,0.0373197,-2.82526e-07,-0.2
98,0.0372934,-2.46763e-07,-0.2
99,0.0373054,-2.71797e-07,-0.2
100,0.0372863,-2.8491e-07,-0.2
101,0.0372934,-2.16961e-07,-0.2
102,0.0372577,-3.02792e-07,-0.2
103,0.0372767,-2.93255e-07,-0.2
104,0.0372696,-2.81334e-07,-0.2
105,0.0372601,-2.82526e-07,-0.2
106,0.0372648,-3.05176e-07,-0.2
107,0.0372505,-3.20673e-07,-0.2
108,0.0372577,-2.92063e-07,-0.2
109,0.0372624,-3.3021e-07,-0.2
110,0.0372481,-2.64645e-07,-0.2
111,0.0372815,-3.05176e-07,-0.2
112,0.037272,-3.09944e-07,-0.2
113,0.0372577,-2.95639e-07,-0.2
114,0.0372458,-3.14713e-07,-0.2
115,0.0372553,-3.25441e-07,-0.2
116,0.0372481,-3.06368e-07,-0.2
117,0.0372314,-3.09944e-07,-0.2
118,0.0372553,-3.40939e-07,-0.2
119,0.0372624,-3.06368e-07,-0.2
120,0.037241,-2.99215e-07,-0.2
121,0.0372434,-3.19481e-07,-0.2
122,0.0372362,-2.72989e-07,-0.2
123,0.0372171,-2.69413e-07,-0.2
124,0.0372338,-2.83718e-07,-0.2
125,0.0372243,-2.49147e-07,-0.2
126,0.0372338,-2.86102e-07,-0.2
127,0.0372291,-2.93255e-07,-0.2
128,0.0372362,-2.44379e-07,-0.2
129,0.0372195,-2.65837e-07,-0.2
130,0.0372076,-2.51532e-07,-0.2
131,0.0371981,-2.7895e-07,-0.2
132,0.0372171,-2.51532e-07,-0.2
133,0.0372148,-2.70605e-07,-0.2
134,0.0371909,-2.41995e-07,-0.2
135,0.0372052,-2.43187e-07,-0.2
136,0.0372028,-2.74181e-07,-0.2
137,0.0372124,-2.7895e-07,-0.2
138,0.0372028,-3.0756e-07,-0.2
139,0.0371981,-2.46763e-07,-0.2
140,0.0371957,-2.21729e-07,-0.2
141,0.0371957,-2.59876e-07,-0.2
142,0.0371766,-2.81334e-07,-0.2
143,0.0371838,-2.45571e-07,-0.2
144,0.0371766,-2.51532e-07,-0.2
145,0.0371552,-2.34842e-07,-0.2
146,0.0371575,-2.28882e-07,-0.2
147,0.0371528,-2.15769e-07,-0.2
148,0.0371552,-1.75238e-07,-0.2
149,0.0371623,-2.31266e-07,-0.2
150,0.0371695,-2.43187e-07,-0.2
151,0.0371337,-2.06232e-07,-0.2
152,0.0371456,-1.69277e-07,-0.2
153,0.0371599,-2.06232e-07,-0.2
154,0.0371456,-1.75238e-07,-0.2
155,0.0371242,-1.70469e-07,-0.2
156,0.0371265,-2.34842e-07,-0.2
157,0.0371432,-2.14577e-07,-0.2
158,0.0371099,-2.11e-07,-0.2
159,0.0371313,-2.20537e-07,-0.2
160,0.037148,-2.25306e-07,-0.2
161,0.0371194,-2.03848e-07,-0.2
162,0.0370932,-2.41995e-07,-0.2
163,0.0371313,-2.52724e-07,-0.2
164,0.0371265,-2.74181e-07,-0.2
165,0.0371075,-2.21729e-07,-0.2
166,0.0371146,-2.71797e-07,-0.2
167,0.0370955,-2.80142e-07,-0.2
168,0.0370884,-2.52724e-07,-0.2
169,0.0371051,-2.51532e-07,-0.2
170,0.0370932,-2.55108e-07,-0.2
171,0.0370908,-2.58684e-07,-0.2
172,0.0371289,-1.97887e-07,-0.2
173,0.0371265,-2.2769e-07,-0.2
174,0.0370884,-2.16961e-07,-0.2
175,0.0371122,-2.13385e-07,-0.2
176,0.0371027,-2.02656e-07,-0.2
177,0.0370836,-2.15769e-07,-0.2
178,0.0370955,-1.89543e-07,-0.2
179,0.0370884,-1.84774e-07,-0.2
180,0.0370884,-1.89543e-07,-0.2
181,0.0371122,-1.81198e-07,-0.2
182,0.0370932,-1.57356e-07,-0.2
183,0.0370765,-1.52588e-07,-0.2
184,0.0370765,-1.93119e-07,-0.2
185,0.0370955,-1.7643e-07,-0.2
186,0.0370741,-1.75238e-07,-0.2
187,0.0370812,-1.71661e-07,-0.2
188,0.037086,-1.96695e-07,-0.2
189,0.0370717,-1.93119e-07,-0.2
190,0.0370884,-2.06232e-07,-0.2
191,0.0370836,-1.7643e-07,-0.2
192,0.037055,-2.47955e-07,-0.2
193,0.0370908,-1.87159e-07,-0.2
194,0.0370598,-2.13385e-07,-0.2
195,0.0370622,-1.37091e-07,-0.2
196,0.037055,-1.5974e-07,-0.2
197,0.0370574,-1.65701e-07,-0.2
198,0.0370455,-1.66893e-07,-0.2
199,0.037055,-2.08616e-07,-0.2
200,0.037055,-1.88351e-07,-0.2
201,0.0370526,-1.77622e-07,-0.2
202,0.0370431,-1.75238e-07,-0.2
203,0.0370479,-1.5974e-07,-0.2
204,0.0370312,-1.56164e-07,-0.2
205,0.0370431,-1.87159e-07,-0.2
206,0.0370407,-2.08616e-07,-0.2
207,0.0370479,-1.56164e-07,-0.2
208,0.0370502,-1.89543e-07,-0.2
209,0.0370097,-1.50204e-07,-0.2
210,0.0370049,-1.72853e-07,-0.2
211,0.0370026,-1.64509e-07,-0.2
212,0.0370121,-1.83582e-07,-0.2
213,0.0370288,-1.70469e-07,-0.2
214,0.0370049,-1.57356e-07,-0.2
215,0.0370026,-2.39611e-07,-0.2
216,0.0369978,-2.31266e-07,-0.2
217,0.0369883,-1.49012e-07,-0.2
218,0.0370026,-1.69277e-07,-0.2
219,0.0369859,-1.68085e-07,-0.2
220,0.0369883,-1.85966e-07,-0.2
221,0.0370121,-2.00272e-07,-0.2
222,0.0370002,-2.08616e-07,-0.2
223,0.0369787,-2.00272e-07,-0.2
224,0.0369859,-1.57356e-07,-0.2
225,0.0369763,-1.83582e-07,-0.2
226,0.0369954,-2.01464e-07,-0.2
227,0.0369763,-2.43187e-07,-0.2
228,0.0369906,-2.14577e-07,-0.2
229,0.0369811,-2.13385e-07,-0.2
230,0.0369763,-1.70469e-07,-0.2
231,0.0369859,-1.8239e-07,-0.2
232,0.0369787,-1.97887e-07,-0.2
233,0.0369787,-1.81198e-07,-0.2
234,0.0369859,-2.39611e-07,-0.2
235,0.0369906,-2.39611e-07,-0.2
236,0.036962,-1.74046e-07,-0.2
237,0.0369787,-2.39611e-07,-0.2
238,0.0369859,-1.89543e-07,-0.2
239,0.0369811,-2.52724e-07,-0.2
240,0.036974,-2.32458e-07,-0.2
241,0.036974,-2.50339e-07,-0.2
242,0.036974,-2.57492e-07,-0.2
243,0.0369406,-2.74181e-07,-0.2
244,0.0369501,-2.09808e-07,-0.2
245,0.0369596,-2.46763e-07,-0.2
246,0.0369525,-2.21729e-07,-0.2
247,0.0369358,-1.77622e-07,-0.2
248,0.0369406,-2.11e-07,-0.2
249,0.0369263,-2.16961e-07,-0.2
250,0.036931,-2.39611e-07,-0.2
251,0.036931,-2.51532e-07,-0.2
252,0.0369239,-2.36034e-07,-0.2
253,0.036912,-1.60933e-07,-0.2
254,0.0369167,-1.43051e-07,-0.2
255,0.0369167,-2.18153e-07,-0.2
256,0.0369334,-2.20537e-07,-0.2
257,0.0369239,-1.96695e-07,-0.2
258,0.036943,-2.00272e-07,-0.2
259,0.0369358,-1.74046e-07,-0.2
260,0.0369263,-1.74046e-07,-0.2
261,0.0369334,-1.60933e-07,-0.2
262,0.0369191,-1.29938e-07,-0.2
263,0.036931,-1.33514e-07,-0.2
264,0.0369263,-9.17912e-08,-0.2
265,0.0369143,-1.29938e-07,-0.2
266,0.0369263,-1.16825e-07,-0.2
267,0.0369191,-1.23978e-07,-0.2
268,0.0369024,-1.38283e-07,-0.2
269,0.036931,-6.4373e-08,-0.2
270,0.0369358,-1.72853e-07,-0.2
271,0.0368857,-1.03712e-07,-0.2
272,0.0368905,-1.34706e-07,-0.2
273,0.0369,-1.37091e-07,-0.2
274,0.0368738,-1.45435e-07,-0.2
275,0.0368762,-1.32322e-07,-0.2
276,0.0369,-1.49012e-07,-0.2
277,0.0368929,-1.3113e-07,-0.2
278,0.0369,-1.29938e-07,-0.2
279,0.036881,-1.41859e-07,-0.2
280,0.0368834,-1.33514e-07,-0.2
281,0.0368762,-5.36442e-08,-0.2
282,0.0368595,-1.71661e-07,-0.2
283,0.0368571,-1.70469e-07,-0.2
284,0.0368667,-1.0252e-07,-0.2
285,0.0368571,-1.39475e-07,-0.2
286,0.036869,-1.77622e-07,-0.2
287,0.0368619,-1.5378e-07,-0.2
288,0.0368595,-1.41859e-07,-0.2
289,0.0368786,-1.28746e-07,-0.2
290,0.0368667,-1.90735e-07,-0.2
291,0.0368643,-1.4782e-07,-0.2
292,0.0368571,-1.60933e-07,-0.2
293,0.03685,-1.44243e-07,-0.2
294,0.0368714,-1.70469e-07,-0.2
295,0.0368714,-1.57356e-07,-0.2
296,0.0368381,-1.96695e-07,-0.2
297,0.0368428,-2.3365e-07,-0.2
298,0.0368762,-1.96695e-07,-0.2
299,0.0368619,-2.00272e-07,-0.2
300,0.036869,-1.23978e-07,-0.2
301,0.0368524,-1.70469e-07,-0.2
302,0.0368476,-1.84774e-07,-0.2
303,0.0368714,-1.93119e-07,-0.2
304,0.0368428,-2.0504e-07,-0.2
305,0.0368619,-1.54972e-07,-0.2
306,0.0368571,-1.72853e-07,-0.2
307,0.0368929,-1.9908e-07,-0.2
308,0.0368667,-2.06232e-07,-0.2
309,0.0368762,-1.60933e-07,-0.2
310,0.0368667,-1.45435e-07,-0.2
311,0.0368571,-1.60933e-07,-0.2
312,0.0368571,-2.15769e-07,-0.2
313,0.0368428,-2.36034e-07,-0.2
314,0.03685,-1.54972e-07,-0.2
315,0.036869,-2.19345e-07,-0.2
316,0.0368428,-1.63317e-07,-0.2
317,0.0368381,-1.54972e-07,-0.2
318,0.0368738,-1.50204e-07,-0.2
319,0.0368309,-2.00272e-07,-0.2
320,0.0368357,-1.80006e-07,-0.2
321,0.0368452,-1.37091e-07,-0.2
322,0.0368333,-1.5378e-07,-0.2
323,0.036819,-1.66893e-07,-0.2
324,0.0367904,-2.00272e-07,-0.2
325,0.0368285,-2.14577e-07,-0.2
326,0.0368071,-1.74046e-07,-0.2
327,0.0368333,-1.07288e-07,-0.2
328,0.0368142,-1.10865e-07,-0.2
329,0.0368309,-1.37091e-07,-0.2
330,0.036819,-8.34465e-08,-0.2
331,0.0368047,-1.43051e-07,-0.2
332,0.0367904,-1.19209e-07,-0.2
333,0.0368023,-1.34706e-07,-0.2
334,0.0368023,-1.19209e-07,-0.2
335,0.0367737,-1.23978e-07,-0.2
336,0.0367713,-1.27554e-07,-0.2
337,0.0367999,-1.88351e-07,-0.2
338,0.0367832,-1.78814e-07,-0.2
339,0.0368071,-1.63317e-07,-0.2
340,0.0367856,-1.70469e-07,-0.2
341,0.0367594,-1.41859e-07,-0.2
342,0.0367761,-1.71661e-07,-0.2
343,0.0367928,-2.08616e-07,-0.2
344,0.0368023,-1.72853e-07,-0.2
345,0.036788,-1.90735e-07,-0.2
346,0.0367522,-2.45571e-07,-0.2
347,0.0367904,-1.72853e-07,-0.2
348,0.0367498,-1.69277e-07,-0.2
349,0.036757,-1.91927e-07,-0.2
350,0.036757,-1.4782e-07,-0.2
351,0.0367522,-1.50204e-07,-0.2
352,0.0367618,-1.13249e-07,-0.2
353,0.0367761,-1.22786e-07,-0.2
354,0.0367785,-8.10623e-08,-0.2
355,0.0367641,-7.62939e-08,-0.2
356,0.0367475,-1.63317e-07,-0.2
357,0.0367618,-9.65595e-08,-0.2
358,0.0367689,-1.34706e-07,-0.2
359,0.0367713,-1.41859e-07,-0.2
360,0.0367737,-1.35899e-07,-0.2
361,0.0367451,-1.21593e-07,-0.2
362,0.0367546,-1.34706e-07,-0.2
363,0.0367284,-1.57356e-07,-0.2
364,0.0367427,-1.77622e-07,-0.2
365,0.0367498,-1.3113e-07,-0.2
366,0.0367618,-1.27554e-07,-0.2
367,0.0367522,-1.14441e-07,-0.2
368,0.0367713,-1.26362e-07,-0.2
369,0.0367641,-1.2517e-07,-0.2
370,0.0367522,-1.51396e-07,-0.2
371,0.0367308,-7.7486e-08,-0.2
372,0.0367594,-1.39475e-07,-0.2
373,0.0367785,-1.14441e-07,-0.2
374,0.0367522,-8.82149e-08,-0.2
375,0.0367522,-1.20401e-07,-0.2
376,0.036757,-9.05991e-08,-0.2
377,0.0367594,-9.65595e-08,-0.2
378,0.0367594,-1.13249e-07,-0.2
379,0.0367451,-1.2517e-07,-0.2
380,0.0367498,-1.45435e-07,-0.2
381,0.0367236,-1.15633e-07,-0.2
382,0.0367212,-1.27554e-07,-0.2
383,0.0367236,-1.01328e-07,-0.2
384,0.0367188,-6.19888e-08,-0.2
385,0.0367332,-6.67572e-08,-0.2
386,0.0367284,-1.18017e-07,-0.2
387,0.0367284,-1.23978e-07,-0.2
388,0.036726,-1.4782e-07,-0.2
389,0.0367236,-1.18017e-07,-0.2
390,0.0367284,-1.34706e-07,-0.2
391,0.0367165,-8.58307e-08,-0.2
392,0.0367117,-1.10865e-07,-0.2
393,0.0367093,-1.32322e-07,-0.2
394,0.0367188,-1.27554e-07,-0.2
395,0.036695,-1.41859e-07,-0.2
396,0.0367022,-1.15633e-07,-0.2
397,0.0366783,-6.19888e-08,-0.2
398,0.0367045,-9.41753e-08,-0.2
399,0.0367141,-1.28746e-07,-0.2
400,0.0367093,-1.16825e-07,-0.2
401,0.0367165,-6.4373e-08,-0.2
402,0.0367427,-1.12057e-07,-0.2
403,0.0367212,-1.07288e-07,-0.2
404,0.0367188,-9.89437e-08,-0.2
405,0.0366879,-1.21593e-07,-0.2
406,0.0367141,-1.23978e-07,-0.2
407,0.0367093,-1.69277e-07,-0.2
408,0.0366926,-1.13249e-07,-0.2
409,0.0367117,-9.29832e-08,-0.2
410,0.0367141,-1.10865e-07,-0.2
411,0.0367093,-1.21593e-07,-0.2
412,0.0366998,-1.20401e-07,-0.2
413,0.0367022,-6.67572e-08,-0.2
414,0.0367165,-1.85966e-07,-0.2
415,0.0366998,-1.77622e-07,-0.2
416,0.0366902,-2.34842e-07,-0.2
417,0.0366879,-1.51396e-07,-0.2
418,0.0366759,-1.16825e-07,-0.2
419,0.0366735,-1.39475e-07,-0.2
420,0.0366926,-1.26362e-07,-0.2
421,0.0366735,-1.19209e-07,-0.2
422,0.0366688,-9.05991e-08,-0.2
423,0.0366592,-1.01328e-07,-0.2
424,0.0366616,-1.14441e-07,-0.2
425,0.0366664,-1.12057e-07,-0.2
426,0.0366712,-1.60933e-07,-0.2
427,0.0367022,-1.89543e-07,-0.2
428,0.0366521,-1.60933e-07,-0.2
429,0.0366521,-1.50204e-07,-0.2
430,0.0366616,-1.68085e-07,-0.2
431,0.0366712,-1.0848e-07,-0.2
432,0.0366712,-1.66893e-07,-0.2
433,0.0366879,-1.21593e-07,-0.2
434,0.0366783,-1.89543e-07,-0.2
435,0.0366664,-1.3113e-07,-0.2
436,0.0366783,-1.58548e-07,-0.2
437,0.0366712,-1.5378e-07,-0.2
438,0.0366664,-2.21729e-07,-0.2
439,0.0366664,-1.66893e-07,-0.2
440,0.0366616,-1.90735e-07,-0.2
441,0.0366783,-2.32458e-07,-0.2
442,0.0366712,-1.97887e-07,-0.2
443,0.0366521,-1.8239e-07,-0.2
444,0.0366569,-1.68085e-07,-0.2
445,0.0366592,-1.95503e-07,-0.2
446,0.0366879,-1.58548e-07,-0.2
447,0.036664,-1.12057e-07,-0.2
448,0.0366521,-1.60933e-07,-0.2
449,0.0366664,-1.20401e-07,-0.2
450,0.0366449,-1.27554e-07,-0.2
451,0.036664,-1.41859e-07,-0.2
452,0.0366592,-1.65701e-07,-0.2
453,0.0366807,-1.09673e-07,-0.2
454,0.036664,-1.96695e-07,-0.2
455,0.0366449,-1.15633e-07,-0.2
456,0.0366592,-1.33514e-07,-0.2
457,0.0366569,-1.04904e-07,-0.2
458,0.0366688,-1.3113e-07,-0.2
459,0.0366712,-1.89543e-07,-0.2
460,0.0366616,-1.16825e-07,-0.2
461,0.0366449,-1.50204e-07,-0.2
462,0.0366259,-1.39475e-07,-0.2
463,0.0366616,-1.81198e-07,-0.2
464,0.0366521,-1.4782e-07,-0.2
465,0.0366521,-1.88351e-07,-0.2
466,0.0366449,-1.66893e-07,-0.2
467,0.0366569,-1.7643e-07,-0.2
468,0.036664,-1.68085e-07,-0.2
469,0.0366783,-1.65701e-07,-0.2
470,0.0366449,-1.57356e-07,-0.2
471,0.036664,-2.14577e-07,-0.2
472,0.0366402,-2.13385e-07,-0.2
473,0.0366426,-1.74046e-07,-0.2
474,0.0366402,-1.57356e-07,-0.2
475,0.0366545,-1.88351e-07,-0.2
476,0.0366664,-1.0848e-07,-0.2
477,0.0366688,-2.18153e-07,-0.2
478,0.0366378,-1.37091e-07,-0.2
479,0.0366139,-1.46627e-07,-0.2
480,0.0366378,-1.93119e-07,-0.2
481,0.0366092,-2.24113e-07,-0.2
482,0.0366354,-2.0504e-07,-0.2
483,0.0366402,-1.89543e-07,-0.2
484,0.0366402,-1.2517e-07,-0.2
485,0.0366402,-1.50204e-07,-0.2
486,0.036633,-2.09808e-07,-0.2
487,0.0366426,-1.72853e-07,-0.2
488,0.0366092,-2.06232e-07,-0.2
489,0.0366044,-1.93119e-07,-0.2
490,0.0366139,-1.88351e-07,-0.2
491,0.0366044,-1.46627e-07,-0.2
492,0.0366163,-1.62125e-07,-0.2
493,0.0366068,-1.68085e-07,-0.2
494,0.0366163,-1.78814e-07,-0.2
495,0.0366139,-2.22921e-07,-0.2
496,0.0366187,-1.35899e-07,-0.2
497,0.036633,-1.52588e-07,-0.2
498,0.0366187,-1.8239e-07,-0.2
499,0.0366354,-1.37091e-07,-0.2
500,0.0366282,-2.11e-07,-0.2
501,0.036633,-1.35899e-07,-0.2
502,0.0366235,-1.26362e-07,-0.2
503,0.0366139,-1.57356e-07,-0.2
504,0.0366235,-1.78814e-07,-0.2
505,0.0366211,-2.21729e-07,-0.2
506,0.0366211,-2.03848e-07,-0.2
507,0.036602,-1.63317e-07,-0.2
508,0.0366187,-2.00272e-07,-0.2
509,0.0365853,-1.84774e-07,-0.2
510,0.0365853,-1.69277e-07,-0.2
511,0.0365829,-1.90735e-07,-0.2
512,0.0366116,-1.44243e-07,-0.2
513,0.0365973,-1.69277e-07,-0.2
514,0.0366235,-1.54972e-07,-0.2
515,0.0365877,-2.07424e-07,-0.2
516,0.0365877,-1.8239e-07,-0.2
517,0.0366092,-1.83582e-07,-0.2
518,0.0366116,-1.63317e-07,-0.2
519,0.0366163,-1.60933e-07,-0.2
520,0.0365901,-1.87159e-07,-0.2
521,0.0365925,-1.8239e-07,-0.2
522,0.0365901,-1.83582e-07,-0.2
523,0.0365925,-1.57356e-07,-0.2
524,0.0366044,-1.77622e-07,-0.2
525,0.0365996,-1.85966e-07,-0.2
526,0.0365806,-2.20537e-07,-0.2
527,0.0365949,-1.64509e-07,-0.2
528,0.0365853,-2.21729e-07,-0.2
529,0.0365925,-1.8239e-07,-0.2
530,0.0365996,-2.0504e-07,-0.2
531,0.0366068,-1.49012e-07,-0.2
532,0.0366044,-1.78814e-07,-0.2
533,0.0366092,-1.39475e-07,-0.2
534,0.036602,-1.49012e-07,-0.2
535,0.0366163,-1.04904e-07,-0.2
536,0.0366068,-1.19209e-07,-0.2
537,0.0366068,-1.89543e-07,-0.2
538,0.0365806,-1.29938e-07,-0.2
539,0.036602,-1.58548e-07,-0.2
540,0.0366163,-1.37091e-07,-0.2
541,0.0366187,-1.58548e-07,-0.2
542,0.0366092,-1.10865e-07,-0.2
543,0.0366044,-1.69277e-07,-0.2
544,0.0366092,-1.26362e-07,-0.2
545,0.0365996,-1.06096e-07,-0.2
546,0.0365996,-1.50204e-07,-0.2
547,0.0365806,-1.5378e-07,-0.2
548,0.0365877,-1.14441e-07,-0.2
549,0.0366139,-9.89437e-08,-0.2
550,0.0366044,-9.65595e-08,-0.2
551,0.0366187,-1.34706e-07,-0.2
552,0.0365496,-1.41859e-07,-0.2
553,0.0365734,-1.41859e-07,-0.2
554,0.0365734,-9.41753e-08,-0.2
555,0.0365686,-1.10865e-07,-0.2
556,0.0365949,-1.0252e-07,-0.2
557,0.0365853,-1.45435e-07,-0.2
558,0.0365686,-1.39475e-07,-0.2
559,0.0365376,-1.35899e-07,-0.2
560,0.0365615,-1.35899e-07,-0.2
561,0.0365496,-1.0252e-07,-0.2
562,0.0365281,-1.38283e-07,-0.2
563,0.036571,-1.77622e-07,-0.2
564,0.0365829,-1.22786e-07,-0.2
565,0.0365877,-1.23978e-07,-0.2
566,0.0365973,-1.12057e-07,-0.2
567,0.0365639,-1.37091e-07,-0.2
568,0.0365734,-1.35899e-07,-0.2
569,0.036571,-1.2517e-07,-0.2
570,0.036571,-1.52588e-07,-0.2
571,0.0365782,-1.27554e-07,-0.2
572,0.036571,-1.80006e-07,-0.2
573,0.0365496,-2.07424e-07,-0.2
574,0.0365686,-1.72853e-07,-0.2
575,0.0365663,-1.78814e-07,-0.2
576,0.0365663,-1.35899e-07,-0.2
577,0.0365472,-8.10623e-08,-0.2
578,0.036552,-1.13249e-07,-0.2
579,0.0365424,-1.15633e-07,-0.2
580,0.0365496,-1.3113e-07,-0.2
581,0.0365329,-1.51396e-07,-0.2
582,0.03654,-1.77622e-07,-0.2
583,0.0365376,-1.83582e-07,-0.2
584,0.03654,-9.41753e-08,-0.2
585,0.0365424,-1.64509e-07,-0.2
586,0.0365233,-1.83582e-07,-0.2
587,0.0365138,-1.4782e-07,-0.2
588,0.0365353,-2.37226e-07,-0.2
589,0.0365233,-2.01464e-07,-0.2
590,0.0365233,-1.8239e-07,-0.2
591,0.0365305,-2.02656e-07,-0.2
592,0.0365233,-1.60933e-07,-0.2
593,0.0365114,-1.27554e-07,-0.2
594,0.0365353,-2.00272e-07,-0.2
595,0.03654,-1.43051e-07,-0.2
596,0.0365496,-7.98702e-08,-0.2
597,0.0365067,-1.60933e-07,-0.2
598,0.0365448,-1.37091e-07,-0.2
599,0.0365543,-1.29938e-07,-0.2
600,0.0365305,-1.28746e-07,-0.2
601,0.0365329,-1.56164e-07,-0.2
602,0.0365329,-2.01464e-07,-0.2
603,0.0365305,-1.21593e-07,-0.2
604,0.0365186,-1.20401e-07,-0.2
605,0.0365043,-1.49012e-07,-0.2
606,0.0365281,-9.65595e-08,-0.2
607,0.0365448,-1.0848e-07,-0.2
608,0.0365353,-7.7486e-08,-0.2
609,0.0365376,-1.77622e-07,-0.2
610,0.0365448,-1.50204e-07,-0.2
611,0.0365472,-1.65701e-07,-0.2
612,0.036552,-1.16825e-07,-0.2
613,0.0365472,-2.22921e-07,-0.2
614,0.0365496,-1.27554e-07,-0.2
615,0.0365281,-1.49012e-07,-0.2
616,0.03654,-1.93119e-07,-0.2
617,0.0365448,-1.5974e-07,-0.2
618,0.036521,-1.52588e-07,-0.2
619,0.0365353,-1.71661e-07,-0.2
620,0.0365067,-1.77622e-07,-0.2
621,0.0365472,-1.68085e-07,-0.2
622,0.0365448,-1.66893e-07,-0.2
623,0.0365138,-1.40667e-07,-0.2
624,0.0365233,-1.65701e-07,-0.2
625,0.0365019,-1.37091e-07,-0.2
626,0.036521,-1.39475e-07,-0.2
627,0.0365305,-1.90735e-07,-0.2
628,0.0365329,-1.97887e-07,-0.2
629,0.036509,-1.8239e-07,-0.2
630,0.0365186,-1.5974e-07,-0.2
631,0.0365162,-1.49012e-07,-0.2
632,0.0365138,-1.75238e-07,-0.2
633,0.0365138,-1.27554e-07,-0.2
634,0.03649,-9.53674e-08,-0.2
635,0.0364852,-1.13249e-07,-0.2
636,0.0365305,-1.69277e-07,-0.2
637,0.0364971,-1.70469e-07,-0.2
638,0.0365114,-1.15633e-07,-0.2
639,0.0365448,-1.18017e-07,-0.2
640,0.0365448,-1.16825e-07,-0.2
641,0.0365233,-1.88351e-07,-0.2
642,0.036521,-1.52588e-07,-0.2
643,0.0365019,-1.56164e-07,-0.2
644,0.0365114,-1.5974e-07,-0.2
645,0.0365162,-1.39475e-07,-0.2
646,0.0365043,-2.00272e-07,-0.2
647,0.0365138,-1.94311e-07,-0.2
648,0.0365043,-1.56164e-07,-0.2
649,0.0365019,-2.15769e-07,-0.2
650,0.0365043,-1.64509e-07,-0.2
651,0.0364971,-1.77622e-07,-0.2
652,0.0365162,-1.75238e-07,-0.2
653,0.0365067,-1.50204e-07,-0.2
654,0.0365162,-2.26498e-07,-0.2
655,0.0365067,-1.7643e-07,-0.2
656,0.0364995,-1.62125e-07,-0.2
657,0.0364971,-1.64509e-07,-0.2
658,0.0364852,-1.70469e-07,-0.2
659,0.0365019,-1.64509e-07,-0.2
660,0.0365281,-1.32322e-07,-0.2
661,0.0364971,-1.49012e-07,-0.2
662,0.0364971,-1.84774e-07,-0.2
663,0.0364852,-1.19209e-07,-0.2
664,0.0364852,-1.58548e-07,-0.2
665,0.0364947,-2.39611e-07,-0.2
666,0.0365019,-1.78814e-07,-0.2
667,0.0364804,-1.71661e-07,-0.2
668,0.0364923,-1.33514e-07,-0.2
669,0.0364733,-1.35899e-07,-0.2
670,0.036478,-1.35899e-07,-0.2
671,0.0364685,-1.72853e-07,-0.2
672,0.0364852,-7.98702e-08,-0.2
673,0.0364947,-1.20401e-07,-0.2
674,0.036478,-1.15633e-07,-0.2
675,0.0364995,-1.37091e-07,-0.2
676,0.036509,-1.07288e-07,-0.2
677,0.036509,-1.34706e-07,-0.2
678,0.0364923,-2.01464e-07,-0.2
679,0.0364852,-1.5974e-07,-0.2
680,0.0364757,-9.89437e-08,-0.2
681,0.0364923,-3.33786e-08,-0.2
682,0.03649,-4.88758e-08,-0.2
683,0.036478,-1.14441e-07,-0.2
684,0.0364852,-1.3113e-07,-0.2
685,0.0364757,-1.28746e-07,-0.2
686,0.036478,-1.35899e-07,-0.2
687,0.036459,-1.60933e-07,-0.2
688,0.0364542,-9.65595e-08,-0.2
689,0.0364661,-1.20401e-07,-0.2
690,0.0364614,-1.00136e-07,-0.2
691,0.0364327,-1.60933e-07,-0.2
692,0.0364494,-1.3113e-07,-0.2
693,0.036447,-9.89437e-08,-0.2
694,0.0364518,-8.70228e-08,-0.2
695,0.0364637,-1.26362e-07,-0.2
696,0.036459,-9.89437e-08,-0.2
697,0.0364542,-1.04904e-07,-0.2
698,0.0364423,-1.62125e-07,-0.2
699,0.0364399,-1.3113e-07,-0.2
700,0.0364351,-1.34706e-07,-0.2
701,0.0364566,-1.32322e-07,-0.2
702,0.036447,-6.4373e-08,-0.2
703,0.0364494,-1.34706e-07,-0.2
704,0.0364423,-1.00136e-07,-0.2
705,0.036459,-1.18017e-07,-0.2
706,0.0364661,-9.65595e-08,-0.2
707,0.036447,-1.44243e-07,-0.2
708,0.0364494,-1.18017e-07,-0.2
709,0.0364494,-9.77516e-08,-0.2
710,0.0364494,-1.54972e-07,-0.2
711,0.0364494,-1.41859e-07,-0.2
712,0.0364637,-1.5378e-07,-0.2
713,0.0364304,-8.58307e-08,-0.2
714,0.036447,-1.62125e-07,-0.2
715,0.0364423,-1.12057e-07,-0.2
716,0.0364733,-1.78814e-07,-0.2
717,0.036459,-1.29938e-07,-0.2
718,0.0364304,-1.16825e-07,-0.2
719,0.0364208,-1.20401e-07,-0.2
720,0.0364184,-1.33514e-07,-0.2
721,0.0364256,-9.89437e-08,-0.2
722,0.0364304,-1.03712e-07,-0.2
723,0.0364161,-1.2517e-07,-0.2
724,0.0364256,-7.86781e-08,-0.2
725,0.0364161,-1.35899e-07,-0.2
726,0.0364113,-8.70228e-08,-0.2
727,0.0364327,-8.9407e-08,-0.2
728,0.0364447,-1.29938e-07,-0.2
729,0.0364137,-6.79493e-08,-0.2
730,0.0364232,-1.01328e-07,-0.2
731,0.0364351,-1.29938e-07,-0.2
732,0.0364232,-1.64509e-07,-0.2
733,0.0364375,-1.35899e-07,-0.2
734,0.0364494,-1.20401e-07,-0.2
735,0.0364256,-1.35899e-07,-0.2
736,0.0364232,-8.46386e-08,-0.2
737,0.036447,-1.0848e-07,-0.2
738,0.0364399,-8.9407e-08,-0.2
739,0.0364542,-8.9407e-08,-0.2
740,0.036447,-1.12057e-07,-0.2
741,0.0364542,-9.17912e-08,-0.2
742,0.0364256,-1.33514e-07,-0.2
743,0.0364232,-1.18017e-07,-0.2
744,0.0364304,-1.13249e-07,-0.2
745,0.0364351,-1.57356e-07,-0.2
746,0.0364065,-1.41859e-07,-0.2
747,0.0364256,-1.51396e-07,-0.2
748,0.0364137,-1.12057e-07,-0.2
749,0.0364327,-1.18017e-07,-0.2
750,0.036397,-1.16825e-07,-0.2
751,0.0364327,-9.41753e-08,-0.2
752,0.0364089,-8.9407e-08,-0.2
753,0.0364137,-1.35899e-07,-0.2
754,0.0364017,-1.21593e-07,-0.2
755,0.0364184,-3.93391e-08,-0.2
756,0.0364351,-8.34465e-08,-0.2
757,0.0364399,-8.70228e-08,-0.2
758,0.0364637,-8.58307e-08,-0.2
759,0.0364327,-8.70228e-08,-0.2
760,0.0364351,-7.62939e-08,-0.2
761,0.0364327,-1.22786e-07,-0.2
762,0.0364232,-1.3113e-07,-0.2
763,0.0364137,-1.27554e-07,-0.2
764,0.0363994,-1.77622e-07,-0.2
765,0.0364208,-1.13249e-07,-0.2
766,0.0364065,-1.78814e-07,-0.2
767,0.0364017,-1.57356e-07,-0.2
768,0.0364184,-1.71661e-07,-0.2
769,0.0364208,-1.3113e-07,-0.2
770,0.0363755,-1.18017e-07,-0.2
771,0.0364161,-1.39475e-07,-0.2
772,0.0364065,-1.12057e-07,-0.2
773,0.0364161,-1.01328e-07,-0.2
774,0.0364113,-9.89437e-08,-0.2
775,0.0364041,-6.91414e-08,-0.2
776,0.0364113,-1.04904e-07,-0.2
777,0.0363922,-6.07967e-08,-0.2
778,0.0363898,-1.38283e-07,-0.2
779,0.0363517,-1.60933e-07,-0.2
780,0.0363994,-1.28746e-07,-0.2
781,0.0363755,-9.05991e-08,-0.2
782,0.0363946,-1.10865e-07,-0.2
783,0.0363946,-1.52588e-07,-0.2
784,0.036366,-1.20401e-07,-0.2
785,0.0363898,-1.39475e-07,-0.2
786,0.036397,-1.22786e-07,-0.2
787,0.0363731,-9.41753e-08,-0.2
788,0.036366,-9.65595e-08,-0.2
789,0.0364041,-9.77516e-08,-0.2
790,0.0363946,-1.20401e-07,-0.2
791,0.0363755,-7.51019e-08,-0.2
792,0.0363755,-1.23978e-07,-0.2
793,0.0363874,-9.29832e-08,-0.2
794,0.0363946,-1.10865e-07,-0.2
795,0.0363755,-1.00136e-07,-0.2
796,0.0364065,-7.98702e-08,-0.2
797,0.0363851,-6.91414e-08,-0.2
798,0.0363803,-1.06096e-07,-0.2
799,0.0363827,-1.0252e-07,-0.2
800,0.0363684,-8.58307e-08,-0.2
801,0.0363779,-1.51396e-07,-0.2
802,0.0363779,-1.50204e-07,-0.2
803,0.0363612,-9.05991e-08,-0.2
804,0.0363564,-7.62939e-08,-0.2
805,0.0363708,-1.21593e-07,-0.2
806,0.0363708,-1.21593e-07,-0.2
807,0.0363684,-6.91414e-08,-0.2
808,0.0363588,-7.51019e-08,-0.2
809,0.0363612,-5.00679e-08,-0.2
810,0.0363803,-7.03335e-08,-0.2
811,0.0363636,-1.09673e-07,-0.2
812,0.0363684,-7.03335e-08,-0.2
813,0.0363564,-7.98702e-08,-0.2
814,0.0363779,-9.77516e-08,-0.2
815,0.0363731,-8.9407e-08,-0.2
816,0.0363851,-1.21593e-07,-0.2
817,0.0363779,-8.9407e-08,-0.2
818,0.0363517,-7.51019e-08,-0.2
819,0.0363827,-1.06096e-07,-0.2
820,0.0363541,-1.09673e-07,-0.2
821,0.0363493,-1.19209e-07,-0.2
822,0.0363541,-9.77516e-08,-0.2
823,0.0363612,-7.39098e-08,-0.2
824,0.0363493,-1.19209e-07,-0.2
825,0.0363517,-7.51019e-08,-0.2
826,0.036335,-5.48363e-08,-0.2
827,0.0363493,-9.29832e-08,-0.2
828,0.0363588,-8.46386e-08,-0.2
829,0.0363278,-7.7486e-08,-0.2
830,0.0363564,-1.13249e-07,-0.2
831,0.0363541,-1.22786e-07,-0.2
832,0.0363564,-1.03712e-07,-0.2
833,0.0363469,-7.86781e-08,-0.2
834,0.0363636,-5.36442e-08,-0.2
835,0.0363612,-1.2517e-07,-0.2
836,0.0363564,-1.41859e-07,-0.2
837,0.036366,-1.0252e-07,-0.2
838,0.0363421,-1.39475e-07,-0.2
839,0.036335,-1.22786e-07,-0.2
840,0.0363541,-1.13249e-07,-0.2
841,0.0363493,-1.43051e-07,-0.2
842,0.0363612,-1.07288e-07,-0.2
843,0.0363421,-1.28746e-07,-0.2
844,0.0363755,-9.77516e-08,-0.2
845,0.0363731,-9.77516e-08,-0.2
846,0.0363851,-1.07288e-07,-0.2
847,0.0363755,-8.10623e-08,-0.2
848,0.0363779,-6.91414e-08,-0.2
849,0.036366,-5.84125e-08,-0.2
850,0.0363803,-1.09673e-07,-0.2
851,0.0363827,-8.34465e-08,-0.2
852,0.0363851,-9.65595e-08,-0.2
853,0.0363612,-1.18017e-07,-0.2
854,0.0363564,-8.9407e-08,-0.2
855,0.0363755,-8.70228e-08,-0.2
856,0.0363445,-8.34465e-08,-0.2
857,0.0363564,-8.46386e-08,-0.2
858,0.0363731,-1.15633e-07,-0.2
859,0.0363755,-5.96046e-08,-0.2
860,0.0363255,-5.24521e-08,-0.2
861,0.0363421,-6.19888e-08,-0.2
862,0.036366,-5.84125e-08,-0.2
863,0.0363564,-6.4373e-08,-0.2
864,0.0363493,-3.57628e-09,-0.2
865,0.0363445,-9.05991e-08,-0.2
866,0.0363588,-7.03335e-08,-0.2
867,0.0363493,-1.18017e-07,-0.2
868,0.0363493,-6.4373e-08,-0.2
869,0.0363278,-1.13249e-07,-0.2
870,0.0363326,-1.0848e-07,-0.2
871,0.0363517,-1.0848e-07,-0.2
872,0.0363564,-1.21593e-07,-0.2
873,0.0363731,-1.32322e-07,-0.2
874,0.0363493,-1.57356e-07,-0.2
875,0.0363493,-1.09673e-07,-0.2
876,0.0363755,-9.65595e-08,-0.2
877,0.0363374,-4.17233e-08,-0.2
878,0.0363493,-2.14577e-08,-0.2
879,0.0363469,-5.72205e-08,-0.2
880,0.0363469,-7.15256e-08,-0.2
881,0.0363421,-3.69549e-08,-0.2
882,0.0363326,-7.51019e-08,-0.2
883,0.0363302,-3.57628e-08,-0.2
884,0.0363398,-4.52995e-08,-0.2
885,0.0363421,-1.27554e-07,-0.2
886,0.036335,-1.23978e-07,-0.2
887,0.0363493,-1.12057e-07,-0.2
888,0.036366,-9.17912e-08,-0.2
889,0.0363469,-1.13249e-07,-0.2
890,0.0363493,-1.15633e-07,-0.2
891,0.0363421,-1.22786e-07,-0.2
892,0.0363302,-8.10623e-08,-0.2
893,0.0363255,-1.20401e-07,-0.2
894,0.0363612,-1.39475e-07,-0.2
895,0.0363207,-1.12057e-07,-0.2
896,0.0363398,-6.07967e-08,-0.2
897,0.0363398,-8.58307e-08,-0.2
898,0.0363517,-6.55651e-08,-0.2
899,0.0363445,-6.55651e-08,-0.2
900,0.0363398,-4.29153e-08,-0.2
901,0.0363231,-8.70228e-08,-0.2
902,0.036335,-1.78814e-08,-0.2
903,0.0363445,-1.78814e-08,-0.2
904,0.0363588,-9.65595e-08,-0.2
905,0.0363588,-2.98023e-08,-0.2
906,0.0363564,-3.33786e-08,-0.2
907,0.0363398,-5.126e-08,-0.2
908,0.0363326,-3.69549e-08,-0.2
909,0.0363398,-1.12057e-07,-0.2
910,0.0363135,-8.10623e-08,-0.2
911,0.0363445,-3.8147e-08,-0.2
912,0.0363326,-6.67572e-08,-0.2
913,0.0363255,-8.70228e-08,-0.2
914,0.0363564,-1.23978e-07,-0.2
915,0.0363469,-1.43051e-07,-0.2
916,0.0363231,-1.06096e-07,-0.2
917,0.0363398,-1.0848e-07,-0.2
918,0.0363159,-6.55651e-08,-0.2
919,0.0363374,-6.31809e-08,-0.2
920,0.0363255,-2.74181e-08,-0.2
921,0.0363255,-8.82149e-08,-0.2
922,0.036335,-7.62939e-08,-0.2
923,0.0363541,-6.4373e-08,-0.2
924,0.0363088,-9.17912e-08,-0.2
925,0.0363326,-5.36442e-08,-0.2
926,0.0363278,-9.17912e-08,-0.2
927,0.0363469,-7.03335e-08,-0.2
928,0.036335,-3.57628e-08,-0.2
929,0.0363374,-4.05312e-08,-0.2
930,0.0363255,-3.33786e-08,-0.2
931,0.0363445,-8.58307e-08,-0.2
932,0.0363588,-7.86781e-08,-0.2
933,0.0363588,-1.52588e-07,-0.2
934,0.0363517,-7.39098e-08,-0.2
935,0.0363493,-7.51019e-08,-0.2
936,0.0363326,-4.17233e-08,-0.2
937,0.0363421,-1.0252e-07,-0.2
938,0.0363564,-7.39098e-08,-0.2
939,0.0363231,-1.26362e-07,-0.2
940,0.0363255,-1.00136e-07,-0.2
942,0.0363111,-1.50204e-07,-0.2
941,0.0363302,-1.19209e-07,-0.2
943,0.0363421,-1.0252e-07,-0.2
944,0.0363255,-1.5974e-07,-0.2
945,0.036335,-1.07288e-07,-0.2
946,0.0363111,-4.88758e-08,-0.2
947,0.0363255,-6.67572e-08,-0.2
948,0.0363135,-1.3113e-08,-0.2
949,0.0362968,-4.41074e-08,-0.2
950,0.0363207,-5.84125e-08,-0.2
951,0.0363016,-2.26498e-08,-0.2
952,0.0363064,-9.65595e-08,-0.2
953,0.036304,-7.7486e-08,-0.2
954,0.0363159,-5.24521e-08,-0.2
955,0.036335,-2.86102e-08,-0.2
956,0.0363183,-5.36442e-08,-0.2
957,0.0363207,2.02656e-08,-0.2
958,0.0363207,-6.19888e-08,-0.2
959,0.0362945,-8.46386e-08,-0.2
960,0.0363183,-4.76837e-08,-0.2
961,0.0362921,-1.0848e-07,-0.2
962,0.0362992,-7.98702e-08,-0.2
963,0.0363016,-8.22544e-08,-0.2
964,0.0363255,-1.20401e-07,-0.2
965,0.0363255,-1.13249e-07,-0.2
966,0.0363016,-1.46627e-07,-0.2
967,0.036304,-1.37091e-07,-0.2
968,0.0363302,-1.57356e-07,-0.2
969,0.0363111,-1.94311e-07,-0.2
970,0.0362968,-1.19209e-07,-0.2
971,0.0363278,-1.19209e-07,-0.2
972,0.0362849,-1.39475e-07,-0.2
973,0.0363064,-1.19209e-07,-0.2
974,0.0362968,-1.20401e-07,-0.2
975,0.0363016,-1.49012e-07,-0.2
976,0.0362921,-9.41753e-08,-0.2
977,0.0363088,-8.58307e-08,-0.2
978,0.0362945,-1.10865e-07,-0.2
979,0.0363064,-1.29938e-07,-0.2
980,0.0363111,-1.40667e-07,-0.2
981,0.0362873,-1.3113e-07,-0.2
982,0.0363088,-1.8239e-07,-0.2
983,0.0363159,-1.16825e-07,-0.2
984,0.0362778,-1.69277e-07,-0.2
985,0.0362754,-1.35899e-07,-0.2
986,0.0362682,-1.70469e-07,-0.2
987,0.0362706,-1.95503e-07,-0.2
988,0.0362778,-1.23978e-07,-0.2
989,0.0362897,-1.64509e-07,-0.2
990,0.0362873,-1.23978e-07,-0.2
991,0.0362659,-2.13385e-07,-0.2
992,0.0362682,-1.50204e-07,-0.2
993,0.0362682,-1.51396e-07,-0.2
994,0.0362825,-1.64509e-07,-0.2
995,0.0362945,-2.11e-07,-0.2
996,0.0362849,-1.84774e-07,-0.2
997,0.0362849,-1.56164e-07,-0.2
998,0.0362706,-1.49012e-07,-0.2
999,0.0363016,-1.5974e-07,-0.2
1000,0.0362992,-9.77516e-08,-0.2
1001,0.0362897,-1.06096e-07,-0.2
1002,0.0362802,-1.29938e-07,-0.2
1003,0.0362682,-1.27554e-07,-0.2
1004,0.0362945,-9.89437e-08,-0.2
1005,0.0363016,-1.13249e-07,-0.2
1006,0.0362778,-1.44243e-07,-0.2
1007,0.0362849,-1.0848e-07,-0.2
1008,0.0362682,-1.7643e-07,-0.2
1009,0.0362873,-1.06096e-07,-0.2
1010,0.0362849,-1.20401e-07,-0.2
1011,0.0362659,-1.15633e-07,-0.2
1012,0.0362921,-1.07288e-07,-0.2
1013,0.0362802,-1.56164e-07,-0.2
1014,0.036273,-1.72853e-07,-0.2
1015,0.0362802,-2.0504e-07,-0.2
1016,0.0362849,-1.07288e-07,-0.2
1017,0.0362706,-8.58307e-08,-0.2
1018,0.0362754,-5.126e-08,-0.2
1019,0.0363159,-7.7486e-08,-0.2
1020,0.0362849,-8.46386e-08,-0.2
1021,0.0362706,-6.79493e-08,-0.2
1022,0.0362968,-9.05991e-08,-0.2
1023,0.0362945,-1.14441e-07,-0.2
1024,0.0362802,-1.33514e-07,-0.2
1025,0.0363016,-1.41859e-07,-0.2
1026,0.0362825,-1.21593e-07,-0.2
1027,0.0362515,-1.21593e-07,-0.2
1028,0.0362849,-9.89437e-08,-0.2
1029,0.0363016,-5.60284e-08,-0.2
1030,0.0362945,-7.7486e-08,-0.2
1031,0.0362921,-9.65595e-08,-0.2
1032,0.0362849,-1.12057e-07,-0.2
1033,0.0362921,-1.22786e-07,-0.2
1034,0.0362873,-8.70228e-08,-0.2
1035,0.0362802,-9.53674e-08,-0.2
1036,0.0362873,-8.58307e-08,-0.2
1037,0.0362659,-8.9407e-08,-0.2
1038,0.0362659,-6.67572e-08,-0.2
1039,0.0362682,-7.39098e-08,-0.2
1040,0.0362659,-1.03712e-07,-0.2
1041,0.0362492,-1.14441e-07,-0.2
1042,0.0362563,-8.46386e-08,-0.2
1043,0.0362825,-1.32322e-07,-0.2
1044,0.0362492,-1.23978e-07,-0.2
1045,0.0362563,-1.13249e-07,-0.2
1046,0.0362539,-1.18017e-07,-0.2
1047,0.0362515,-9.41753e-08,-0.2
1048,0.036242,-8.46386e-08,-0.2
1049,0.0362611,-1.35899e-07,-0.2
1050,0.0362515,-8.22544e-08,-0.2
1051,0.0362754,-1.49012e-07,-0.2
1052,0.0362802,-1.10865e-07,-0.2
1053,0.0362754,-6.4373e-08,-0.2
1054,0.0362635,-9.77516e-08,-0.2
1055,0.0362778,-1.04904e-07,-0.2
1056,0.0362706,-1.0848e-07,-0.2
1057,0.0362659,-1.04904e-07,-0.2
1058,0.0362682,-1.0252e-07,-0.2
1059,0.0362659,-1.00136e-07,-0.2
1060,0.0362587,-4.41074e-08,-0.2
1061,0.0362563,-9.89437e-08,-0.2
1062,0.0362754,-8.70228e-08,-0.2
1063,0.0362706,-1.03712e-07,-0.2
1064,0.0362563,-1.62125e-07,-0.2
1065,0.0362659,-1.27554e-07,-0.2
1066,0.0362682,-9.77516e-08,-0.2
1067,0.0362468,-9.77516e-08,-0.2
1068,0.0362945,-1.38283e-07,-0.2
1069,0.0362706,-1.06096e-07,-0.2
1070,0.0362492,-7.98702e-08,-0.2
1071,0.0362587,-1.01328e-07,-0.2
1072,0.0362468,-5.00679e-08,-0.2
1073,0.0362253,-8.46386e-08,-0.2
1074,0.036242,-9.77516e-08,-0.2
1075,0.0362444,-2.86102e-08,-0.2
1076,0.0362515,-8.10623e-08,-0.2
1077,0.0362492,-5.84125e-08,-0.2
1078,0.0362396,-9.65595e-08,-0.2
1079,0.0362301,-6.55651e-08,-0.2
1080,0.0362396,-7.7486e-08,-0.2
1081,0.0362468,-7.7486e-08,-0.2
1082,0.036242,-1.32322e-07,-0.2
1083,0.0362349,-1.09673e-07,-0.2
1084,0.0362229,-6.55651e-08,-0.2
1085,0.0362587,-1.12057e-07,-0.2
1086,0.036242,-1.70469e-07,-0.2
1087,0.0362587,-1.41859e-07,-0.2
1088,0.0362921,-1.2517e-07,-0.2
1089,0.0362778,-6.4373e-08,-0.2
1090,0.0362515,-7.98702e-08,-0.2
1091,0.0362611,-5.24521e-08,-0.2
1092,0.0362682,-8.70228e-08,-0.2
1093,0.0362468,-1.15633e-07,-0.2
1094,0.0362706,-4.41074e-08,-0.2
1095,0.0362492,-7.98702e-08,-0.2
1096,0.0362611,-6.67572e-08,-0.2
1097,0.0362611,-9.05991e-08,-0.2
1098,0.0362587,-8.22544e-08,-0.2
1099,0.0362515,-1.04904e-07,-0.2
1100,0.0362587,-9.17912e-08,-0.2
1101,0.0362396,-4.17233e-08,-0.2
1102,0.0362563,-1.13249e-07,-0.2
1103,0.0362587,-9.17912e-08,-0.2
1104,0.0362659,-7.27177e-08,-0.2
1105,0.0362563,-6.4373e-08,-0.2
1106,0.0362563,-5.84125e-08,-0.2
1107,0.0362611,-4.05312e-08,-0.2
1108,0.0362587,-2.74181e-08,-0.2
1109,0.0362587,-6.4373e-08,-0.2
1110,0.0362659,-9.53674e-08,-0.2
1111,0.0362825,-8.58307e-08,-0.2
1112,0.0362682,-9.53674e-08,-0.2
1113,0.0362515,-9.29832e-08,-0.2
1114,0.0362611,-7.15256e-08,-0.2
1115,0.0362515,-2.14577e-08,-0.2
1116,0.0362444,-3.93391e-08,-0.2
1117,0.036242,-1.3113e-08,-0.2
1118,0.0362349,-5.72205e-08,-0.2
1119,0.036242,-1.19209e-09,-0.2
1120,0.0362229,-7.98702e-08,-0.2
1121,0.0362372,-8.82149e-08,-0.2
1122,0.0362444,-3.8147e-08,-0.2
1123,0.0362229,-8.10623e-08,-0.2
1124,0.0362396,-1.10865e-07,-0.2
1125,0.0362134,-7.27177e-08,-0.2
1126,0.0362396,-8.9407e-08,-0.2
1127,0.0362396,-1.18017e-07,-0.2
1128,0.0362301,-1.46627e-07,-0.2
1129,0.0362396,-8.9407e-08,-0.2
1130,0.0362396,-1.04904e-07,-0.2
1131,0.036211,-8.58307e-08,-0.2
1132,0.036242,-9.89437e-08,-0.2
1133,0.0362182,-6.55651e-08,-0.2
1134,0.0362158,-1.23978e-07,-0.2
1135,0.0362206,-1.0252e-07,-0.2
1136,0.0362396,-1.09673e-07,-0.2
1137,0.0362229,-1.15633e-07,-0.2
1138,0.0362349,-1.13249e-07,-0.2
1139,0.0362134,-1.01328e-07,-0.2
1140,0.0362277,-6.91414e-08,-0.2
1141,0.036211,-7.62939e-08,-0.2
1142,0.0362229,-1.06096e-07,-0.2
1143,0.0362158,-1.06096e-07,-0.2
1144,0.0362015,-1.13249e-07,-0.2
1145,0.0362015,-1.15633e-07,-0.2
1146,0.0362062,-1.51396e-07,-0.2
1147,0.0362301,-1.26362e-07,-0.2
1148,0.0362134,-8.10623e-08,-0.2
1149,0.0362158,-1.07288e-07,-0.2
1150,0.0362206,-8.9407e-08,-0.2
1151,0.0362301,-1.04904e-07,-0.2
1152,0.0362372,-5.60284e-08,-0.2
1153,0.0362206,-9.53674e-08,-0.2
1154,0.0362253,-1.23978e-07,-0.2
1155,0.0362349,-1.22786e-07,-0.2
1156,0.0362206,-1.22786e-07,-0.2
1157,0.0362062,-8.22544e-08,-0.2
1158,0.0362325,-1.37091e-07,-0.2
1159,0.0362253,-1.0252e-07,-0.2
1160,0.0362468,-1.18017e-07,-0.2
1161,0.0361967,-6.67572e-08,-0.2
1162,0.0362396,-5.96046e-08,-0.2
1163,0.0362515,-1.3113e-07,-0.2
1164,0.0362015,-1.27554e-07,-0.2
1165,0.036242,-1.45435e-07,-0.2
1166,0.0362277,-1.35899e-07,-0.2
1167,0.0362062,-9.53674e-08,-0.2
1168,0.0362396,-1.09673e-07,-0.2
1169,0.0362277,-1.13249e-07,-0.2
1170,0.0362325,-8.82149e-08,-0.2
1171,0.036242,-8.58307e-08,-0.2
1172,0.0362253,-4.64916e-08,-0.2
1173,0.0362158,-4.17233e-08,-0.2
1174,0.0361967,-6.67572e-08,-0.2
1175,0.0362062,-1.0848e-07,-0.2
1176,0.0362158,-9.89437e-08,-0.2
1177,0.0362206,-1.23978e-07,-0.2
1178,0.0362325,-8.82149e-08,-0.2
1179,0.0362444,-5.84125e-08,-0.2
1180,0.0362158,-1.10865e-07,-0.2
1181,0.0361967,-1.18017e-07,-0.2
1182,0.0362396,-7.15256e-08,-0.2
1183,0.0362086,-4.17233e-08,-0.2
1184,0.0362229,-7.86781e-08,-0.2
1185,0.036211,-3.21865e-08,-0.2
1186,0.0362253,-9.17912e-08,-0.2
1187,0.0362062,-9.17912e-08,-0.2
1188,0.0362134,-8.70228e-08,-0.2
1189,0.0362325,-2.98023e-08,-0.2
1190,0.0362444,-8.58307e-08,-0.2
1191,0.0362062,-4.41074e-08,-0.2
1192,0.0362158,-7.27177e-08,-0.2
1193,0.0362253,-6.79493e-08,-0.2
1194,0.0362158,-7.62939e-08,-0.2
1195,0.0362015,-6.31809e-08,-0.2
1196,0.0361967,-8.70228e-08,-0.2
1197,0.0362229,-6.07967e-08,-0.2
1198,0.0362134,-6.07967e-08,-0.2
1199,0.0362253,-1.03712e-07,-0.2
1200,0.0362158,-4.41074e-08,-0.2
1201,0.0362062,-4.41074e-08,-0.2
1202,0.0362182,-6.91414e-08,-0.2
1203,0.0362158,-9.41753e-08,-0.2
1204,0.036211,1.19209e-09,-0.2
1205,0.0362206,-5.84125e-08,-0.2
1206,0.0361991,-4.76837e-09,-0.2
1207,0.036211,0.0,-0.2
1208,0.0361919,1.19209e-08,-0.2
1209,0.0362229,-1.19209e-09,-0.2
1210,0.0362062,-3.93391e-08,-0.2
1211,0.036211,-8.82149e-08,-0.2
1212,0.0362039,-2.38419e-09,-0.2
1213,0.0362253,-6.67572e-08,-0.2
1214,0.0362301,-8.46386e-08,-0.2
1215,0.0361872,-9.17912e-08,-0.2
1216,0.0362015,-6.07967e-08,-0.2
1217,0.0361919,-1.90735e-08,-0.2
1218,0.0362182,-4.76837e-09,-0.2
1219,0.0362229,-7.27177e-08,-0.2
1220,0.0362086,-1.44243e-07,-0.2
1221,0.0361943,-1.40667e-07,-0.2
1222,0.0362253,-1.14441e-07,-0.2
1223,0.0362182,-9.05991e-08,-0.2
1224,0.036211,-1.14441e-07,-0.2
1225,0.0362086,-8.9407e-08,-0.2
1226,0.0361848,-8.46386e-08,-0.2
1227,0.0361896,-1.20401e-07,-0.2
1228,0.0362015,-9.05991e-08,-0.2
1229,0.0361872,-8.9407e-08,-0.2
1230,0.0361776,-8.70228e-08,-0.2
1231,0.0361872,-3.09944e-08,-0.2
1232,0.0361896,-1.78814e-08,-0.2
1233,0.0361824,-8.58307e-08,-0.2
1234,0.0361729,-1.20401e-07,-0.2
1235,0.0361872,-7.03335e-08,-0.2
1236,0.0361872,-7.27177e-08,-0.2
1237,0.0361848,-3.93391e-08,-0.2
1238,0.0361705,-5.00679e-08,-0.2
1239,0.0361657,-1.3113e-07,-0.2
1240,0.0361848,-4.05312e-08,-0.2
1241,0.0361943,-1.07288e-07,-0.2
1242,0.0361586,-2.86102e-08,-0.2
1243,0.0361609,-2.74181e-08,-0.2
1244,0.0361753,-2.86102e-08,-0.2
1245,0.03618,2.38419e-09,-0.2
1246,0.0361681,-1.0252e-07,-0.2
1247,0.0361919,-7.62939e-08,-0.2
1248,0.0361824,-1.14441e-07,-0.2
1249,0.0361967,-1.01328e-07,-0.2
1250,0.0361943,-9.05991e-08,-0.2
1251,0.0361776,-9.41753e-08,-0.2
1252,0.0361872,-6.19888e-08,-0.2
1253,0.0361824,-5.24521e-08,-0.2
1254,0.0361753,-1.03712e-07,-0.2
1255,0.0361657,-6.55651e-08,-0.2
1256,0.0361872,-8.10623e-08,-0.2
1257,0.0361633,-8.22544e-08,-0.2
1258,0.0361943,-5.48363e-08,-0.2
1259,0.0361705,-7.51019e-08,-0.2
1260,0.0361705,-4.41074e-08,-0.2
1261,0.0361872,-7.15256e-08,-0.2
1262,0.0361872,-1.07288e-07,-0.2
1263,0.0361729,-1.12057e-07,-0.2
1264,0.0361681,-1.34706e-07,-0.2
1265,0.0361586,-9.29832e-08,-0.2
1266,0.0361753,-1.49012e-07,-0.2
1267,0.0361562,-9.65595e-08,-0.2
1268,0.0361705,-9.53674e-08,-0.2
1269,0.0361538,-1.03712e-07,-0.2
1270,0.0361657,-9.29832e-08,-0.2
1271,0.0361753,-9.77516e-08,-0.2
1272,0.0361729,-1.40667e-07,-0.2
1273,0.0361824,-1.15633e-07,-0.2
1274,0.03618,-9.17912e-08,-0.2
1275,0.0361681,-1.69277e-07,-0.2
1276,0.0361657,-1.16825e-07,-0.2
1277,0.0361776,-1.29938e-07,-0.2
1278,0.036211,-1.21593e-07,-0.2
1279,0.0361753,-9.17912e-08,-0.2
1280,0.0361776,-1.16825e-07,-0.2
1281,0.0361848,-9.53674e-08,-0.2
1282,0.0362158,-1.16825e-07,-0.2
1283,0.036211,-1.21593e-07,-0.2
1284,0.0361872,-8.46386e-08,-0.2
1285,0.03618,-9.65595e-08,-0.2
1286,0.0361776,-1.04904e-07,-0.2
1287,0.0361609,-6.91414e-08,-0.2
1288,0.0361824,-4.52995e-08,-0.2
1289,0.0361824,-2.6226e-08,-0.2
1290,0.0361776,-5.126e-08,-0.2
1291,0.0361776,-1.06096e-07,-0.2
1292,0.0361943,-3.69549e-08,-0.2
1293,0.0361586,-8.46386e-08,-0.2
1294,0.0361586,-1.03712e-07,-0.2
1295,0.0361514,-8.10623e-08,-0.2
1296,0.0361753,3.93391e-08,-0.2
1297,0.0361562,-5.126e-08,-0.2
1298,0.0361967,-3.69549e-08,-0.2
1299,0.0361705,-3.69549e-08,-0.2
1300,0.03618,-1.35899e-07,-0.2
1301,0.0361562,-1.13249e-07,-0.2
1302,0.0361562,-1.41859e-07,-0.2
1303,0.0361538,-1.21593e-07,-0.2
1304,0.0361443,-8.9407e-08,-0.2
1305,0.0361633,-7.39098e-08,-0.2
1306,0.0361705,-1.00136e-07,-0.2
1307,0.0361848,-1.65701e-07,-0.2
1308,0.0361729,-1.40667e-07,-0.2
1309,0.0361753,-2.26498e-08,-0.2
1310,0.0361633,-1.54972e-08,-0.2
1311,0.0361466,-6.55651e-08,-0.2
1312,0.0361919,-5.60284e-08,-0.2
1313,0.0361681,-5.00679e-08,-0.2
1314,0.0361681,-6.79493e-08,-0.2
1315,0.0361943,-4.88758e-08,-0.2
1316,0.0361776,-5.96046e-08,-0.2
1317,0.0361824,-2.26498e-08,-0.2
1318,0.0361824,-8.46386e-08,-0.2
1319,0.0361824,-9.17912e-08,-0.2
1320,0.0361729,-1.00136e-07,-0.2
1321,0.0361586,-1.34706e-07,-0.2
1322,0.0361466,-1.01328e-07,-0.2
1323,0.0361824,-6.07967e-08,-0.2
1324,0.0361729,-8.58307e-08,-0.2
1325,0.0361681,-1.14441e-07,-0.2
1326,0.0361848,-1.34706e-07,-0.2
1327,0.03618,-1.29938e-07,-0.2
1328,0.0361824,-1.04904e-07,-0.2
1329,0.0361753,-1.64509e-07,-0.2
1330,0.03618,-1.54972e-07,-0.2
1331,0.0361705,-1.15633e-07,-0.2
1332,0.0361633,-1.51396e-07,-0.2
1333,0.0361681,-1.62125e-07,-0.2
1334,0.0361776,-1.5378e-07,-0.2
1335,0.0361586,-1.70469e-07,-0.2
1336,0.0361538,-1.2517e-07,-0.2
1337,0.0361466,-1.41859e-07,-0.2
1338,0.0361657,-1.19209e-07,-0.2
1339,0.0361633,-7.98702e-08,-0.2
1340,0.0361681,-1.27554e-07,-0.2
1341,0.0361705,-1.15633e-07,-0.2
1342,0.0361848,-1.28746e-07,-0.2
1343,0.0361896,-1.14441e-07,-0.2
1344,0.0361776,-1.50204e-07,-0.2
1345,0.0361586,-6.67572e-08,-0.2
1346,0.0361657,-1.52588e-07,-0.2
1347,0.0361943,-1.50204e-07,-0.2
1348,0.0361681,-1.39475e-07,-0.2
1349,0.0361705,-1.49012e-07,-0.2
1350,0.0361466,-9.89437e-08,-0.2
1351,0.0361729,-8.70228e-08,-0.2
1352,0.0361586,-7.15256e-08,-0.2
1353,0.0361562,-4.52995e-08,-0.2
1354,0.0361943,-1.43051e-07,-0.2
1355,0.0361943,-1.50204e-07,-0.2
1356,0.0361776,-1.34706e-07,-0.2
1357,0.0361466,-1.19209e-07,-0.2
1358,0.0361776,-9.05991e-08,-0.2
1359,0.0361538,-1.22786e-07,-0.2
1360,0.0361562,-6.55651e-08,-0.2
1361,0.0361776,-8.22544e-08,-0.2
1362,0.0361538,-8.10623e-08,-0.2
1363,0.0361872,-5.00679e-08,-0.2
1364,0.0361848,-1.19209e-07,-0.2
1365,0.0361419,-7.7486e-08,-0.2
1366,0.0361705,-7.98702e-08,-0.2
1367,0.036149,-7.27177e-08,-0.2
1368,0.0361657,-5.96046e-08,-0.2
1369,0.0361681,-4.05312e-08,-0.2
1370,0.0361466,-5.60284e-08,-0.2
1371,0.0361419,-6.19888e-08,-0.2
1372,0.0361657,-1.0848e-07,-0.2
1373,0.0361609,-1.75238e-07,-0.2
1374,0.0361657,-8.9407e-08,-0.2
1375,0.0361681,-1.38283e-07,-0.2
1376,0.0361896,-1.01328e-07,-0.2
1377,0.0361896,-1.00136e-07,-0.2
1378,0.0361657,-9.89437e-08,-0.2
1379,0.0361776,-7.51019e-08,-0.2
1380,0.0361514,-5.36442e-08,-0.2
1381,0.0361705,-7.7486e-08,-0.2
1384,0.0361705,-3.93391e-08,-0.2
1386,0.0361562,-6.4373e-08,-0.2
1385,0.0361514,-5.60284e-08,-0.2
1383,0.0361443,-3.69549e-08,-0.2
1387,0.0361562,-1.13249e-07,-0.2
1382,0.0361514,-5.24521e-08,-0.2
1388,0.0361609,-4.64916e-08,-0.2
1389,0.0361443,-5.96046e-08,-0.2
1390,0.036149,-7.7486e-08,-0.2
1391,0.0361562,-3.8147e-08,-0.2
1392,0.0361776,-8.58307e-08,-0.2
1393,0.0361586,-8.9407e-08,-0.2
1394,0.03618,-1.20401e-07,-0.2
1395,0.0361681,-1.09673e-07,-0.2
1396,0.03618,-3.57628e-08,-0.2
1397,0.0361872,-1.09673e-07,-0.2
1398,0.0361586,-1.16825e-07,-0.2
1399,0.0361896,-8.70228e-08,-0.2
1400,0.03618,-1.32322e-07,-0.2
1401,0.0361609,-9.77516e-08,-0.2
1402,0.0361609,-9.89437e-08,-0.2
1403,0.0361729,-1.12057e-07,-0.2
1404,0.0361872,-1.33514e-07,-0.2
1405,0.0361586,-8.34465e-08,-0.2
1406,0.0361466,-7.39098e-08,-0.2
1407,0.036149,-8.9407e-08,-0.2
1408,0.0361514,-1.2517e-07,-0.2
1409,0.0361562,-1.22786e-07,-0.2
1410,0.0361466,-9.65595e-08,-0.2
1411,0.0361109,-1.00136e-07,-0.2
1412,0.0361586,-7.39098e-08,-0.2
1413,0.0361586,-9.05991e-08,-0.2
1414,0.036149,-4.52995e-08,-0.2
1415,0.0361729,-1.44243e-07,-0.2
1416,0.0361633,-1.0252e-07,-0.2
1417,0.0361395,-1.03712e-07,-0.2
1418,0.0361371,-6.91414e-08,-0.2
1419,0.0361323,-9.53674e-08,-0.2
1420,0.0361443,-5.126e-08,-0.2
1421,0.0361657,-1.01328e-07,-0.2
1422,0.0361586,-5.60284e-08,-0.2
1423,0.0361443,-1.00136e-07,-0.2
1424,0.0361514,-7.62939e-08,-0.2
1425,0.0361562,-1.28746e-07,-0.2
1426,0.0361514,-1.60933e-07,-0.2
1427,0.0361586,-1.23978e-07,-0.2
1428,0.03618,-8.9407e-08,-0.2
1429,0.0361443,-8.10623e-08,-0.2
1430,0.0361681,-1.75238e-07,-0.2
1431,0.0361681,-1.50204e-07,-0.2
1432,0.0361371,-1.12057e-07,-0.2
1433,0.0361371,-1.5378e-07,-0.2
1434,0.0361395,-1.46627e-07,-0.2
1435,0.0361371,-1.16825e-07,-0.2
1436,0.0361252,-1.03712e-07,-0.2
1437,0.0361586,-1.13249e-07,-0.2
1438,0.0361395,-1.01328e-07,-0.2
1439,0.0361371,-1.20401e-07,-0.2
1440,0.0361681,-1.03712e-07,-0.2
1441,0.0361228,-1.16825e-07,-0.2
1442,0.0361562,-9.53674e-08,-0.2
1443,0.0361276,-1.3113e-07,-0.2
1444,0.0361371,-9.77516e-08,-0.2
1445,0.0361443,-9.77516e-08,-0.2
1446,0.0361276,-7.98702e-08,-0.2
1447,0.0361109,-4.29153e-08,-0.2
1448,0.0361085,-2.5034e-08,-0.2
1449,0.0361109,-1.07288e-08,-0.2
1450,0.03613,-1.78814e-08,-0.2
1451,0.0361419,-1.21593e-07,-0.2
1452,0.0361347,-5.36442e-08,-0.2
1453,0.0361395,2.86102e-08,-0.2
1454,0.0361085,-4.05312e-08,-0.2
1455,0.0361204,-6.55651e-08,-0.2
1456,0.0361323,-8.22544e-08,-0.2
1457,0.0361228,-9.77516e-08,-0.2
1458,0.0361371,-2.86102e-08,-0.2
1459,0.0361133,-5.96046e-08,-0.2
1460,0.0361156,-4.76837e-08,-0.2
1461,0.0361323,-2.26498e-08,-0.2
1462,0.0361395,-6.67572e-08,-0.2
1463,0.0361347,-1.78814e-08,-0.2
1464,0.0361109,-7.15256e-09,-0.2
1465,0.0361419,-4.05312e-08,-0.2
1466,0.0361133,-8.22544e-08,-0.2
1467,0.0361228,-8.70228e-08,-0.2
1468,0.0361466,-7.51019e-08,-0.2
1469,0.0361228,-1.78814e-08,-0.2
1470,0.0361466,-2.6226e-08,-0.2
1471,0.0361228,-6.07967e-08,-0.2
1472,0.0361347,-1.78814e-08,-0.2
1473,0.03613,-2.74181e-08,-0.2
1474,0.0361395,-7.15256e-08,-0.2
1475,0.0361276,-8.82149e-08,-0.2
1476,0.0361419,-4.88758e-08,-0.2
1477,0.0361228,-3.33786e-08,-0.2
1478,0.0361371,-1.54972e-08,-0.2
1479,0.0361347,-2.38419e-08,-0.2
1480,0.0361085,-3.57628e-08,-0.2
1481,0.0361395,-5.96046e-08,-0.2
1482,0.0361109,-4.64916e-08,-0.2
1483,0.03613,-8.22544e-08,-0.2
1484,0.0361228,-1.54972e-08,-0.2
1485,0.0361228,-6.91414e-08,-0.2
1486,0.0361037,-7.98702e-08,-0.2
1487,0.0361204,-7.15256e-08,-0.2
1488,0.0361037,-1.0848e-07,-0.2
1489,0.036118,-4.17233e-08,-0.2
1490,0.0361228,-5.36442e-08,-0.2
1491,0.0361228,-3.21865e-08,-0.2
1492,0.0360918,-2.74181e-08,-0.2
1493,0.0360775,-5.126e-08,-0.2
1494,0.0360847,-7.03335e-08,-0.2
1495,0.0360799,-7.15256e-09,-0.2
1496,0.0360751,2.38419e-09,-0.2
1497,0.0361109,-6.07967e-08,-0.2
1498,0.0361109,-5.72205e-08,-0.2
1499,0.0361109,-9.17912e-08,-0.2
1500,0.0361061,-7.03335e-08,-0.2
1501,0.036118,-2.86102e-08,-0.2
1502,0.0361443,-7.03335e-08,-0.2
1503,0.0361037,-7.86781e-08,-0.2
1504,0.0361085,-6.67572e-08,-0.2
1505,0.0361037,-8.70228e-08,-0.2
1506,0.0361133,-5.60284e-08,-0.2
1507,0.0361037,-7.27177e-08,-0.2
1508,0.0361133,-9.29832e-08,-0.2
1509,0.0361228,-6.91414e-08,-0.2
1510,0.0361228,-7.27177e-08,-0.2
1511,0.036118,-1.0252e-07,-0.2
1512,0.0361013,-8.82149e-08,-0.2
1513,0.0361252,-1.09673e-07,-0.2
1514,0.0361347,-1.21593e-07,-0.2
1515,0.0361347,-8.82149e-08,-0.2
1516,0.0360894,-1.43051e-07,-0.2
1517,0.0361252,-9.17912e-08,-0.2
1518,0.036118,-4.17233e-08,-0.2
1519,0.03613,-5.126e-08,-0.2
1520,0.0361133,-8.9407e-08,-0.2
1521,0.0360942,-1.01328e-07,-0.2
1522,0.036087,-9.77516e-08,-0.2
1523,0.0361133,-1.23978e-07,-0.2
1524,0.0361133,-1.32322e-07,-0.2
1525,0.0361109,-1.39475e-07,-0.2
1526,0.0361156,-9.53674e-08,-0.2
1527,0.0361037,-8.10623e-08,-0.2
1528,0.0361085,-6.91414e-08,-0.2
1529,0.0361109,-1.2517e-07,-0.2
1530,0.0360918,-7.15256e-08,-0.2
1531,0.0361085,-9.65595e-08,-0.2
1532,0.0360942,-6.07967e-08,-0.2
1533,0.0361013,-8.22544e-08,-0.2
1534,0.0361061,-9.89437e-08,-0.2
1535,0.0361204,-7.39098e-08,-0.2
1536,0.0361037,-5.00679e-08,-0.2
1537,0.036099,-8.46386e-08,-0.2
1538,0.0361109,-4.29153e-08,-0.2
1539,0.036087,-6.55651e-08,-0.2
1540,0.0361013,-6.19888e-08,-0.2
1541,0.0361013,-1.01328e-07,-0.2
1542,0.0360727,-9.29832e-08,-0.2
1543,0.0361037,-4.05312e-08,-0.2
1544,0.036087,-1.66893e-08,-0.2
1545,0.0361109,-2.38419e-08,-0.2
1546,0.036068,-7.03335e-08,-0.2
1547,0.036087,-6.79493e-08,-0.2
1548,0.036099,-4.88758e-08,-0.2
1549,0.0360584,-4.29153e-08,-0.2
1550,0.0360608,-5.96046e-08,-0.2
1551,0.036068,-3.45707e-08,-0.2
1552,0.0360727,-6.31809e-08,-0.2
1553,0.036087,-2.38419e-08,-0.2
1554,0.0360775,-2.14577e-08,-0.2
1555,0.036068,-3.69549e-08,-0.2
1556,0.0360703,-8.58307e-08,-0.2
1557,0.0360799,-4.88758e-08,-0.2
1558,0.0360537,-6.55651e-08,-0.2
1559,0.0360823,-3.69549e-08,-0.2
1560,0.0360799,-4.52995e-08,-0.2
1561,0.0360847,-6.19888e-08,-0.2
1562,0.036099,-9.53674e-08,-0.2
1563,0.0360703,-5.48363e-08,-0.2
1564,0.0360775,-1.10865e-07,-0.2
1565,0.0360584,-4.29153e-08,-0.2
1566,0.0360656,-5.48363e-08,-0.2
1567,0.0360632,-3.45707e-08,-0.2
1568,0.0360847,-4.76837e-09,-0.2
1569,0.0360656,-2.38419e-08,-0.2
1570,0.0360584,-2.98023e-08,-0.2
1571,0.0360703,-4.88758e-08,-0.2
1572,0.0360894,-3.57628e-08,-0.2
1573,0.0360727,-7.03335e-08,-0.2
1574,0.0360608,-5.48363e-08,-0.2
1575,0.0360751,-1.19209e-08,-0.2
1576,0.0360799,-4.52995e-08,-0.2
1577,0.0360823,-3.09944e-08,-0.2
1578,0.0360775,-2.14577e-08,-0.2
1579,0.0360727,6.19888e-08,-0.2
1580,0.0360489,2.02656e-08,-0.2
1581,0.0360942,1.07288e-08,-0.2
1582,0.0361085,1.07288e-08,-0.2
1583,0.0360918,-5.126e-08,-0.2
1584,0.0360894,-2.5034e-08,-0.2
1585,0.036087,-3.09944e-08,-0.2
1586,0.036087,-7.39098e-08,-0.2
1587,0.0360966,-6.07967e-08,-0.2
1588,0.0361013,-8.22544e-08,-0.2
1589,0.036087,-2.38419e-08,-0.2
1590,0.0360775,-2.6226e-08,-0.2
1591,0.036087,-1.07288e-07,-0.2
1592,0.0361037,-1.0848e-07,-0.2
1593,0.0360847,-6.31809e-08,-0.2
1594,0.0360751,-1.06096e-07,-0.2
1595,0.036087,-8.82149e-08,-0.2
1596,0.0360823,-1.22786e-07,-0.2
1597,0.036087,-9.65595e-08,-0.2
1598,0.0360513,-9.89437e-08,-0.2
1599,0.0360751,-4.17233e-08,-0.2
1600,0.0360894,-1.29938e-07,-0.2
1601,0.0361085,-1.45435e-07,-0.2
1602,0.0360918,-1.07288e-07,-0.2
1603,0.0360918,-1.03712e-07,-0.2
1604,0.036087,-1.14441e-07,-0.2
1605,0.036099,-1.64509e-07,-0.2
1606,0.0360823,-1.3113e-07,-0.2
1607,0.0360918,-1.2517e-07,-0.2
1608,0.0360918,-1.2517e-07,-0.2
1609,0.0360942,-1.12057e-07,-0.2
1610,0.0360799,-1.2517e-07,-0.2
1611,0.0360847,-1.12057e-07,-0.2
1612,0.0360823,-9.77516e-08,-0.2
1613,0.036118,-8.9407e-08,-0.2
1614,0.0360799,-3.69549e-08,-0.2
1615,0.0361037,-1.49012e-07,-0.2
1616,0.036118,-1.23978e-07,-0.2
1617,0.0361109,-3.57628e-08,-0.2
1618,0.0360966,-6.67572e-08,-0.2
1619,0.0361228,-7.27177e-08,-0.2
1620,0.0360942,-8.34465e-08,-0.2
1621,0.0360966,-9.05991e-08,-0.2
1622,0.0361133,-6.79493e-08,-0.2
1623,0.036118,-1.21593e-07,-0.2
1624,0.036118,-1.50204e-07,-0.2
1625,0.0361204,-3.21865e-08,-0.2
1626,0.0360942,-6.07967e-08,-0.2
1627,0.0361156,-7.15256e-08,-0.2
1628,0.0361061,1.19209e-09,-0.2
1629,0.0361133,-5.00679e-08,-0.2
1630,0.0361013,1.54972e-08,-0.2
1631,0.0361061,1.90735e-08,-0.2
1632,0.03613,-2.98023e-08,-0.2
1633,0.0361085,8.34465e-09,-0.2
1634,0.0361013,-7.15256e-09,-0.2
1635,0.0361228,8.34465e-09,-0.2
1636,0.0361133,4.76837e-09,-0.2
1637,0.0361109,-1.43051e-08,-0.2
1638,0.0361347,-3.45707e-08,-0.2
1639,0.03613,-1.38283e-07,-0.2
1640,0.0361061,-1.0252e-07,-0.2
1641,0.0361228,-1.03712e-07,-0.2
1642,0.0360966,-3.69549e-08,-0.2
1643,0.0361156,-5.96046e-08,-0.2
1644,0.0361085,-5.36442e-08,-0.2
1645,0.036087,-4.41074e-08,-0.2
1646,0.0361013,-9.41753e-08,-0.2
1647,0.0360942,-7.62939e-08,-0.2
1648,0.0361204,-6.07967e-08,-0.2
1649,0.0360966,-9.29832e-08,-0.2
1650,0.0360775,-1.16825e-07,-0.2
1651,0.0360847,-5.36442e-08,-0.2
1652,0.03613,-1.14441e-07,-0.2
1653,0.036118,-1.26362e-07,-0.2
1654,0.0361156,-9.65595e-08,-0.2
1655,0.0361156,-6.79493e-08,-0.2
1656,0.0360799,-6.07967e-08,-0.2
1657,0.036068,-9.89437e-08,-0.2
1658,0.0361013,-9.77516e-08,-0.2
1659,0.0360847,-9.05991e-08,-0.2
1660,0.036118,-1.16825e-07,-0.2
1661,0.0360966,-4.41074e-08,-0.2
1662,0.036087,-5.84125e-08,-0.2
1663,0.0360942,-1.06096e-07,-0.2
1664,0.0361037,-8.58307e-08,-0.2
1665,0.0361133,-2.98023e-08,-0.2
1666,0.0361013,-4.52995e-08,-0.2
1667,0.0360847,-2.74181e-08,-0.2
1668,0.036087,-6.67572e-08,-0.2
1669,0.0360918,-5.84125e-08,-0.2
1670,0.0361276,-8.22544e-08,-0.2
1671,0.0361085,-3.45707e-08,-0.2
1672,0.0360918,-4.64916e-08,-0.2
1673,0.0360942,-3.45707e-08,-0.2
1674,0.0361013,-1.10865e-07,-0.2
1675,0.0360918,-3.45707e-08,-0.2
1676,0.0361156,-3.45707e-08,-0.2
1677,0.0360966,-1.20401e-07,-0.2
1678,0.0360727,-8.70228e-08,-0.2
1679,0.0360942,-2.74181e-08,-0.2
1680,0.0360608,-4.52995e-08,-0.2
1681,0.0360823,-6.67572e-08,-0.2
1682,0.0360584,2.14577e-08,-0.2
1683,0.0360703,-2.5034e-08,-0.2
1684,0.0360847,1.07288e-08,-0.2
1685,0.0360775,-5.126e-08,-0.2
1686,0.0360966,2.14577e-08,-0.2
1687,0.0360775,1.3113e-08,-0.2
1688,0.0360918,-3.69549e-08,-0.2
1689,0.036087,-2.38419e-08,-0.2
1690,0.0360918,-1.90735e-08,-0.2
1691,0.0361061,-5.48363e-08,-0.2
1692,0.0360775,1.66893e-08,-0.2
1693,0.0360751,-5.96046e-09,-0.2
1694,0.0360727,-1.78814e-08,-0.2
1695,0.0360847,-9.53674e-09,-0.2
1696,0.0360775,-2.02656e-08,-0.2
1697,0.0360751,-2.6226e-08,-0.2
1698,0.0360847,-4.29153e-08,-0.2
1699,0.0360751,-3.93391e-08,-0.2
1700,0.0360847,3.09944e-08,-0.2
1701,0.0360823,-2.38419e-09,-0.2
1702,0.036087,-3.69549e-08,-0.2
1703,0.0360775,-3.45707e-08,-0.2
1704,0.0360751,2.02656e-08,-0.2
1705,0.0360537,-1.66893e-08,-0.2
1706,0.0360894,-5.60284e-08,-0.2
1707,0.0360823,-1.90735e-08,-0.2
1708,0.0360656,-2.02656e-08,-0.2
1709,0.0360584,-1.54972e-08,-0.2
1710,0.0360751,-2.14577e-08,-0.2
1711,0.036068,-3.69549e-08,-0.2
1712,0.036068,5.96046e-09,-0.2
1713,0.0360727,2.98023e-08,-0.2
1714,0.0360847,4.76837e-09,-0.2
1715,0.0360823,1.90735e-08,-0.2
1716,0.0360799,-7.15256e-09,-0.2
1717,0.0360799,-2.38419e-09,-0.2
1718,0.036087,5.96046e-09,-0.2
1719,0.0360632,3.21865e-08,-0.2
1720,0.0360847,2.5034e-08,-0.2
1721,0.0360775,-1.19209e-09,-0.2
1722,0.0360727,-3.09944e-08,-0.2
1723,0.0360823,7.15256e-09,-0.2
1724,0.0360847,3.09944e-08,-0.2
1725,0.0360847,-1.19209e-09,-0.2
1726,0.0361037,-2.38419e-08,-0.2
1727,0.0360894,-5.96046e-08,-0.2
1728,0.0360799,-1.06096e-07,-0.2
1729,0.0360823,-1.00136e-07,-0.2
1730,0.0360799,-1.4782e-07,-0.2
1731,0.0360847,-1.28746e-07,-0.2
1732,0.0360584,-7.98702e-08,-0.2
1733,0.036068,-6.4373e-08,-0.2
1734,0.0360632,-7.62939e-08,-0.2
1735,0.036056,-4.64916e-08,-0.2
1736,0.0360608,-1.34706e-07,-0.2
1737,0.0360894,-7.27177e-08,-0.2
1738,0.0360918,-7.03335e-08,-0.2
1739,0.0360847,-6.79493e-08,-0.2
1740,0.0360775,-1.19209e-07,-0.2
1741,0.0360799,-5.48363e-08,-0.2
1742,0.0360727,-1.51396e-07,-0.2
1743,0.0360727,-1.06096e-07,-0.2
1744,0.0360632,-1.16825e-07,-0.2
1745,0.0360799,-9.65595e-08,-0.2
1746,0.0360417,-5.96046e-08,-0.2
1747,0.0360584,-5.48363e-08,-0.2
1748,0.0360751,-1.04904e-07,-0.2
1749,0.0360584,-1.14441e-07,-0.2
1750,0.0360608,-6.07967e-08,-0.2
1751,0.0360513,-1.19209e-07,-0.2
1752,0.036056,-1.20401e-07,-0.2
1753,0.036068,-1.40667e-07,-0.2
1754,0.0360227,-9.17912e-08,-0.2
1755,0.0360465,-7.7486e-08,-0.2
1756,0.0360703,-1.2517e-07,-0.2
1757,0.0360823,-1.07288e-07,-0.2
1758,0.0360799,-5.126e-08,-0.2
1759,0.0360847,-6.4373e-08,-0.2
1760,0.036056,-1.23978e-07,-0.2
1761,0.0360703,-9.77516e-08,-0.2
1762,0.0360942,-8.58307e-08,-0.2
1763,0.036099,-8.46386e-08,-0.2
1764,0.0360966,-7.27177e-08,-0.2
1765,0.0360775,-4.88758e-08,-0.2
1766,0.036087,-5.126e-08,-0.2
1767,0.0360775,-2.6226e-08,-0.2
1768,0.0360584,-9.05991e-08,-0.2
1769,0.0360775,-7.03335e-08,-0.2
1770,0.036087,-3.09944e-08,-0.2
1771,0.036056,-7.15256e-08,-0.2
1772,0.0360656,-7.62939e-08,-0.2
1773,0.0360441,-9.89437e-08,-0.2
1774,0.0360513,-5.60284e-08,-0.2
1775,0.0360417,-7.62939e-08,-0.2
1776,0.036037,-5.126e-08,-0.2
1777,0.036056,4.76837e-09,-0.2
1778,0.0360584,-3.93391e-08,-0.2
1779,0.0360513,-6.67572e-08,-0.2
1780,0.0360394,-6.91414e-08,-0.2
1781,0.0360537,-9.77516e-08,-0.2
1782,0.0360656,-7.39098e-08,-0.2
1783,0.0360131,-3.45707e-08,-0.2
1784,0.0360394,-5.24521e-08,-0.2
1785,0.0360465,-5.60284e-08,-0.2
1786,0.0414205,1.20401e-07,-0.2
1787,0.0420284,1.13249e-07,-0.2
1788,0.0422621,1.19209e-07,-0.2
1789,0.0423861,9.89437e-08,-0.2
1790,0.0425076,9.77516e-08,-0.2
1791,0.0425363,8.22544e-08,-0.2
1792,0.0425863,1.44243e-07,-0.2
1793,0.0426698,1.75238e-07,-0.2
1794,0.0427008,1.38283e-07,-0.2
1795,0.0427175,1.43051e-07,-0.2
1796,0.0427866,1.37091e-07,-0.2
1797,0.0427866,1.16825e-07,-0.2
1798,0.0428271,1.10865e-07,-0.2
1799,0.0428224,1.80006e-07,-0.2
1800,0.0428677,1.70469e-07,-0.2
1801,0.0428867,1.83582e-07,-0.2
1802,0.0429082,1.60933e-07,-0.2
1803,0.0429487,1.14441e-07,-0.2
1804,0.042963,1.5378e-07,-0.2
1805,0.042944,1.72853e-07,-0.2
1806,0.0429773,7.51019e-08,-0.2
1807,0.0430083,1.33514e-07,-0.2
1808,0.0429964,1.46627e-07,-0.2
1809,0.0430417,8.46386e-08,-0.2
1810,0.043025,1.0252e-07,-0.2
1811,0.0430775,1.27554e-07,-0.2
1812,0.0430799,8.22544e-08,-0.2
1813,0.0430775,1.46627e-07,-0.2
1814,0.0430846,1.10865e-07,-0.2
1815,0.0431299,1.37091e-07,-0.2
1816,0.0431347,7.27177e-08,-0.2
1817,0.0431204,1.12057e-07,-0.2
1818,0.0431299,5.60284e-08,-0.2
1819,0.0431585,1.28746e-07,-0.2
1820,0.0431681,9.05991e-08,-0.2
1821,0.043149,1.32322e-07,-0.2
1822,0.0431895,1.38283e-07,-0.2
1823,0.0431728,1.39475e-07,-0.2
1824,0.0431919,1.09673e-07,-0.2
1825,0.0431967,9.05991e-08,-0.2
1826,0.0432229,1.0848e-07,-0.2
1827,0.0432348,1.41859e-07,-0.2
1828,0.0432539,1.35899e-07,-0.2
1829,0.0432396,1.12057e-07,-0.2
1830,0.0432777,1.03712e-07,-0.2
1831,0.0432324,9.53674e-08,-0.2
1832,0.0432539,1.26362e-07,-0.2
1833,0.0432682,1.20401e-07,-0.2
1834,0.0432777,7.86781e-08,-0.2
1835,0.0432944,8.34465e-08,-0.2
1836,0.0433111,1.71661e-07,-0.2
1837,0.0433135,1.70469e-07,-0.2
1838,0.043304,1.23978e-07,-0.2
1839,0.0433111,1.70469e-07,-0.2
1840,0.0433064,1.93119e-07,-0.2
1841,0.0433397,-4.22001e-07,-0.2
1842,0.043335,9.41753e-08,-0.2
1843,0.0433397,1.15633e-07,-0.2
1844,0.0433564,9.29832e-08,-0.2
1845,0.0433517,-8.35657e-07,-0.2
1846,0.0433707,1.04904e-07,-0.2
1847,0.0433397,5.36442e-08,-0.2
1848,0.0433469,5.60284e-08,-0.2
1849,0.0433636,1.10865e-07,-0.2
1850,0.0433898,1.10865e-07,-0.2
1851,0.0433874,1.38283e-07,-0.2
1852,0.0434113,1.06096e-07,-0.2
1853,0.043416,1.37091e-07,-0.2
1854,0.0434089,9.29832e-08,-0.2
1855,0.0434041,1.38283e-07,-0.2
1856,0.0434279,1.52588e-07,-0.2
1857,0.0434327,1.5378e-07,-0.2
1858,0.0434303,2.18153e-07,-0.2
1859,0.0434351,9.41753e-08,-0.2
1860,0.0434494,1.40667e-07,-0.2
1861,0.0434542,1.40667e-07,-0.2
1862,0.0434804,1.15633e-07,-0.2
1863,0.0434756,9.89437e-08,-0.2
1864,0.043478,1.37091e-07,-0.2
1865,0.0434566,1.51396e-07,-0.2
1866,0.0434852,1.71661e-07,-0.2
1867,0.0434804,1.4782e-07,-0.2
1868,0.0434947,1.33514e-07,-0.2
1869,0.0434971,1.2517e-07,-0.2
1870,0.0434852,1.20401e-07,-0.2
1871,0.0435019,1.97887e-07,-0.2
1872,0.0434947,1.33514e-07,-0.2
1873,0.0435138,1.16825e-07,-0.2
1874,0.0435114,1.51396e-07,-0.2
1875,0.0434995,1.04904e-07,-0.2
1876,0.0435185,1.19209e-07,-0.2
1877,0.0435162,1.12057e-07,-0.2
1878,0.04354,1.06096e-07,-0.2
1879,0.0435376,1.35899e-07,-0.2
1880,0.0435209,1.16825e-07,-0.2
1881,0.0435305,1.68085e-07,-0.2
1882,0.0435662,8.46386e-08,-0.2
1883,0.0435543,1.3113e-07,-0.2
1884,0.0435448,1.12057e-07,-0.2
1885,0.0435424,6.19888e-08,-0.2
1886,0.0435424,1.03712e-07,-0.2
1887,0.0435591,1.21593e-07,-0.2
1888,0.0435567,1.2517e-07,-0.2
1889,0.0435805,9.29832e-08,-0.2
1890,0.0435638,4.64916e-08,-0.2
1891,0.0435901,9.89437e-08,-0.2
1892,0.043602,1.4782e-07,-0.2
1893,0.0435853,1.09673e-07,-0.2
1894,0.0435948,5.96046e-08,-0.2
1895,0.0436068,9.17912e-08,-0.2
1896,0.0436306,7.7486e-08,-0.2
1897,0.0436211,1.04904e-07,-0.2
1898,0.0435829,9.77516e-08,-0.2
1899,0.0436163,2.5034e-08,-0.2
1900,0.043633,5.84125e-08,-0.2
1901,0.0436163,1.27554e-07,-0.2
1902,0.0436378,5.84125e-08,-0.2
1903,0.043633,1.00136e-07,-0.2
1904,0.0436306,9.05991e-08,-0.2
1905,0.0436497,1.26362e-07,-0.2
1906,0.0436568,8.70228e-08,-0.2
1907,0.0436735,9.53674e-08,-0.2
1908,0.0436711,7.15256e-08,-0.2
1909,0.0436664,7.27177e-08,-0.2
1910,0.0436687,4.05312e-08,-0.2
1911,0.0436687,9.53674e-08,-0.2
1912,0.0436878,7.51019e-08,-0.2
1913,0.0436831,1.12057e-07,-0.2
1914,0.0436854,9.65595e-08,-0.2
1915,0.0437164,8.46386e-08,-0.2
1916,0.0436854,5.96046e-08,-0.2
1917,0.0436997,1.38283e-07,-0.2
1918,0.043714,8.9407e-08,-0.2
1919,0.0437069,1.43051e-07,-0.2
1920,0.0437188,1.27554e-07,-0.2
1921,0.0437593,6.79493e-08,-0.2
1922,0.0437045,1.2517e-07,-0.2
1923,0.043726,8.9407e-08,-0.2
1924,0.0437331,7.62939e-08,-0.2
1925,0.0437284,7.7486e-08,-0.2
1926,0.0437117,7.51019e-08,-0.2
1927,0.0437212,1.14441e-07,-0.2
1928,0.0437188,1.14441e-07,-0.2
1929,0.043745,1.50204e-07,-0.2
1930,0.0437427,1.27554e-07,-0.2
1931,0.0437498,1.29938e-07,-0.2
1932,0.0437498,1.09673e-07,-0.2
1933,0.043745,1.54972e-07,-0.2
1934,0.0437212,1.06096e-07,-0.2
1939,0.043745,1.3113e-07,-0.2
1940,0.0437641,1.32322e-07,-0.2
1942,0.0437355,1.38283e-07,-0.2
1943,0.0437331,1.54972e-07,-0.2
1941,0.0437689,1.46627e-07,-0.2
1944,0.043757,1.45435e-07,-0.2
1945,0.0437665,1.19209e-07,-0.2
1946,0.0437737,9.17912e-08,-0.2
1947,0.0437689,8.46386e-08,-0.2
1948,0.0437832,7.62939e-08,-0.2
1949,0.0437522,5.84125e-08,-0.2
1950,0.0437856,4.76837e-08,-0.2
1951,0.0437903,5.96046e-08,-0.2
1952,0.0437999,7.86781e-08,-0.2
1953,0.0437927,8.70228e-08,-0.2
1954,0.0437975,1.38283e-07,-0.2
1955,0.0437951,1.20401e-07,-0.2
1956,0.043807,1.14441e-07,-0.2
1957,0.0438118,6.91414e-08,-0.2
1958,0.0438142,1.07288e-07,-0.2
1959,0.0438118,7.86781e-08,-0.2
1960,0.0438309,1.29938e-07,-0.2
1961,0.0438404,1.32322e-07,-0.2
1962,0.0438166,8.70228e-08,-0.2
1963,0.0438285,1.10865e-07,-0.2
1964,0.0438309,8.9407e-08,-0.2
1965,0.0438213,1.09673e-07,-0.2
1966,0.0438261,4.41074e-08,-0.2
1967,0.0438285,1.04904e-07,-0.2
1968,0.043819,1.0848e-07,-0.2
1969,0.0438213,1.57356e-07,-0.2
1970,0.0438261,1.32322e-07,-0.2
1971,0.0438356,1.60933e-07,-0.2
1972,0.0438476,1.16825e-07,-0.2
1973,0.0438523,1.52588e-07,-0.2
1974,0.0438523,9.53674e-08,-0.2
1975,0.0438428,1.32322e-07,-0.2
1976,0.0438285,8.22544e-08,-0.2
1977,0.0438523,4.76837e-08,-0.2
1978,0.0438428,1.22786e-07,-0.2
1979,0.0438595,6.91414e-08,-0.2
1980,0.0438261,4.52995e-08,-0.2
1981,0.0438476,6.19888e-08,-0.2
1982,0.0438905,5.126e-08,-0.2
1983,0.0438714,9.53674e-08,-0.2
1984,0.0438523,1.43051e-08,-0.2
1985,0.0438786,7.62939e-08,-0.2
1986,0.0438905,2.86102e-08,-0.2
1987,0.0438952,7.27177e-08,-0.2
1988,0.0438762,3.45707e-08,-0.2
1989,0.0438738,5.126e-08,-0.2
1990,0.0439048,9.53674e-08,-0.2
1991,0.0438881,7.27177e-08,-0.2
1992,0.0439024,5.84125e-08,-0.2
1993,0.0438881,7.7486e-08,-0.2
1994,0.0438976,7.27177e-08,-0.2
1995,0.0438857,7.7486e-08,-0.2
1996,0.0438905,4.76837e-08,-0.2
1997,0.0439095,5.36442e-08,-0.2
1998,0.0439382,1.26362e-07,-0.2
